-- phpMyAdmin SQL Dump
-- version 5.1.1
-- https://www.phpmyadmin.net/
--
-- Host: db
-- Generation Time: Dec 01, 2021 at 05:28 AM
-- Server version: 10.6.5-MariaDB-1:10.6.5+maria~focal
-- PHP Version: 7.4.26

SET SQL_MODE = "NO_AUTO_VALUE_ON_ZERO";
START TRANSACTION;
SET time_zone = "+00:00";


/*!40101 SET @OLD_CHARACTER_SET_CLIENT=@@CHARACTER_SET_CLIENT */;
/*!40101 SET @OLD_CHARACTER_SET_RESULTS=@@CHARACTER_SET_RESULTS */;
/*!40101 SET @OLD_COLLATION_CONNECTION=@@COLLATION_CONNECTION */;
/*!40101 SET NAMES utf8mb4 */;

--
-- Database: `stfcpirate`
--

-- --------------------------------------------------------

--
-- Table structure for table `Aliases`
--

CREATE TABLE `Aliases` (
  `CurrentName` varchar(40) NOT NULL,
  `CurrentAlliance` varchar(4) NOT NULL,
  `CurrentLevel` int(11) DEFAULT NULL,
  `PreviousName` varchar(40) DEFAULT NULL,
  `PreviousAlliance` varchar(4) DEFAULT NULL,
  `LastUpdatedBy` varchar(20) NOT NULL DEFAULT current_user(),
  `LastUpdated` timestamp(6) NOT NULL DEFAULT current_timestamp(6) ON UPDATE current_timestamp(6)
) ENGINE=InnoDB DEFAULT CHARSET=utf8mb4;

--
-- Dumping data for table `Aliases`
--

INSERT INTO `Aliases` (`CurrentName`, `CurrentAlliance`, `CurrentLevel`, `PreviousName`, `PreviousAlliance`, `LastUpdatedBy`, `LastUpdated`) VALUES
('AdmiralAllanon', 'TTS', 38, NULL, NULL, , '2021-12-01 02:13:50.293428'),
('CommodoreAl', 'TTS', 39, NULL, NULL, , '2021-12-01 02:13:50.293428'),
('Derpina', 'DERP', 33, NULL, NULL, , '2021-12-01 02:13:50.293428'),
('MrsWhatEver', 'DERP', 33, 'Derpina', 'DERP', , '2021-12-01 02:13:50.293428'),
('TastyC', 'PYRT', 34, 'TastyCorpse', 'PYRT', , '2021-12-01 02:13:50.293428'),
('TastyCorpse', 'PYRT', 33, NULL, NULL, , '2021-12-01 02:13:50.293428'),
('VinnyBottoms', 'PYRT', 34, 'MrsWhatEver', 'DERP', , '2021-12-01 02:13:50.293428');

-- --------------------------------------------------------

--
-- Table structure for table `Alliances`
--

CREATE TABLE `Alliances` (
  `CurrentName` varchar(4) NOT NULL,
  `CurrentAdmiral` varchar(40) NOT NULL,
  `PreviousName` varchar(4) DEFAULT NULL,
  `PreviousAdmiral` varchar(40) DEFAULT NULL,
  `LastUpdatedBy` varchar(20) NOT NULL DEFAULT current_user(),
  `LastUpdated` timestamp(6) NOT NULL DEFAULT current_timestamp(6) ON UPDATE current_timestamp(6)
) ENGINE=InnoDB DEFAULT CHARSET=utf8mb4;

--
-- Dumping data for table `Alliances`
--

INSERT INTO `Alliances` (`CurrentName`, `CurrentAdmiral`, `PreviousName`, `PreviousAdmiral`, `LastUpdatedBy`, `LastUpdated`) VALUES
('DERP', 'Derpina', NULL, NULL, , '2021-12-01 02:13:50.349641'),
('PYRT', 'TastyCorpse', NULL, NULL, , '2021-12-01 02:13:50.349641'),
('TTS', 'AdmiralAllanon', NULL, NULL, , '2021-12-01 02:13:50.349641');

-- --------------------------------------------------------

--
-- Table structure for table `BaseSightings`
--

CREATE TABLE `BaseSightings` (
  `Name` varchar(40) NOT NULL,
  `Alliance` varchar(4) NOT NULL,
  `SystemID` bigint(11) NOT NULL,
  `Location` varchar(25) NOT NULL,
  `ShipsPresent` int(11) DEFAULT NULL,
  `Shielded` tinyint(1) NOT NULL,
  `StillCurrent` tinyint(1) NOT NULL DEFAULT 1,
  `LastUpdatedBy` varchar(20) NOT NULL DEFAULT current_user(),
  `LastUpdated` timestamp(6) NOT NULL DEFAULT current_timestamp(6) ON UPDATE current_timestamp(6)
) ENGINE=InnoDB DEFAULT CHARSET=utf8mb4;

--
-- Dumping data for table `BaseSightings`
--

INSERT INTO `BaseSightings` (`Name`, `Alliance`, `SystemID`, `Location`, `ShipsPresent`, `Shielded`, `StillCurrent`, `LastUpdatedBy`, `LastUpdated`) VALUES
('CommodoreAl', 'TTS', 1342058302, 'X:-23 Y:324', 4, 0, 1, , '2021-12-01 02:13:50.403350'),
('CommodoreAl', 'TTS', 1342058302, 'X:-23 Y:324', 4, 1, 0, , '2021-12-01 02:13:50.424275');

-- --------------------------------------------------------

--
-- Table structure for table `FlagOfficers`
--

CREATE TABLE `FlagOfficers` (
  `Name` varchar(40) NOT NULL,
  `Alliance` varchar(4) NOT NULL,
  `SpotterID` varchar(20) NOT NULL,
  `AccessStarted` timestamp(6) NOT NULL DEFAULT current_timestamp(6),
  `AccessEnded` timestamp(6) NULL DEFAULT NULL,
  `LastUpdatedBy` varchar(20) NOT NULL DEFAULT current_user(),
  `LastUpdated` timestamp(6) NOT NULL DEFAULT current_timestamp(6) ON UPDATE current_timestamp(6)
) ENGINE=InnoDB DEFAULT CHARSET=utf8mb4;

--
-- Dumping data for table `FlagOfficers`
--

INSERT INTO `FlagOfficers` (`Name`, `Alliance`, `SpotterID`, `AccessStarted`, `AccessEnded`, `LastUpdatedBy`, `LastUpdated`) VALUES
('AdmiralAllanon', 'TTS', 'ttsadmallanon', '2021-11-23 18:46:39.000000', NULL, , '2021-12-01 02:13:50.470643'),
('CommodoreAl', 'TTS', 'ttscmdral', '2021-11-23 18:45:42.000000', NULL, , '2021-12-01 02:13:50.470643');

-- --------------------------------------------------------

--
-- Table structure for table `ShipSightings`
--

CREATE TABLE `ShipSightings` (
  `Name` varchar(40) NOT NULL,
  `Alliance` varchar(4) NOT NULL,
  `SystemID` bigint(11) NOT NULL,
  `Location` varchar(25) NOT NULL,
  `ShipName` varchar(20) NOT NULL,
  `ShipStrength` int(11) NOT NULL,
  `SightingType` set('Grinding','Floating','Hunting','Mining') NOT NULL,
  `StillCurrent` tinyint(1) NOT NULL DEFAULT 1,
  `LastUpdatedBy` varchar(20) NOT NULL DEFAULT current_user(),
  `LastUpdated` timestamp(6) NOT NULL DEFAULT current_timestamp(6) ON UPDATE current_timestamp(6)
) ENGINE=InnoDB DEFAULT CHARSET=utf8mb4;

-- --------------------------------------------------------

--
-- Table structure for table `StfcShips`
--

CREATE TABLE `StfcShips` (
  `ShipID` bigint(11) NOT NULL,
  `ShipName` varchar(20) NOT NULL,
  `ShipLevel` int(11) NOT NULL,
  `ShipType` set('Battleship','Explorer','Interceptor','Survey') NOT NULL,
  `ShipFaction` varchar(20) DEFAULT NULL,
  `LastUpdatedBy` varchar(20) NOT NULL DEFAULT current_user(),
  `LastUpdated` timestamp(6) NOT NULL DEFAULT current_timestamp(6) ON UPDATE current_timestamp(6)
) ENGINE=InnoDB DEFAULT CHARSET=utf8mb4;

--
-- Dumping data for table `StfcShips`
--

INSERT INTO `StfcShips` (`ShipID`, `ShipName`, `ShipLevel`, `ShipType`, `ShipFaction`, `LastUpdatedBy`, `LastUpdated`) VALUES
(34867572, 'ORION CORVETTE', 1, 'Battleship', 'Neutral', , '2021-12-01 02:14:05.972395'),
(47269853, 'USS CROZIER', 5, 'Battleship', 'Federation', , '2021-12-01 02:14:05.972395'),
(87414807, 'USS HYDRA', 4, 'Survey', 'Federation', , '2021-12-01 02:14:05.972395'),
(108924704, 'USS ANTARES', 3, 'Survey', 'Federation', , '2021-12-01 02:14:05.972395'),
(293385368, 'STELLA', 3, 'Battleship', 'Neutral', , '2021-12-01 02:14:05.972395'),
(311330874, 'USS NORTHCUTT', 5, 'Interceptor', 'Federation', , '2021-12-01 02:14:05.972395'),
(354762123, 'TALLA', 2, 'Battleship', 'Neutral', , '2021-12-01 02:14:05.972395'),
(393740394, 'KEHRA', 3, 'Interceptor', 'Neutral', , '2021-12-01 02:14:05.972395'),
(448699234, 'USS ENTERPRISE-D', 5, 'Explorer', 'Federation', , '2021-12-01 02:14:05.972395'),
(593579233, 'SARCOPHAGUS', 3, 'Battleship', 'Neutral', , '2021-12-01 02:14:05.972395'),
(644714972, 'USS FRANKLIN', 3, 'Explorer', 'Federation', , '2021-12-01 03:38:47.520041'),
(673187302, 'CENTURION', 3, 'Explorer', 'Romulan', , '2021-12-01 02:14:05.972395'),
(701705952, 'QUV\'SOMPEK', 5, 'Explorer', 'Klingon', , '2021-12-01 02:14:05.972395'),
(711428193, 'USS KELVIN', 4, 'Interceptor', 'Federation', , '2021-12-01 02:14:05.972395'),
(957865248, 'D4 CLASS', 3, 'Interceptor', 'Klingon', , '2021-12-01 02:14:05.972395'),
(987222969, 'REALTA', 1, 'Explorer', 'Neutral', , '2021-12-01 02:14:05.972395'),
(1027217748, 'VALDORE', 4, 'Explorer', 'Romulan', , '2021-12-01 02:14:05.972395'),
(1029262994, 'NORTH STAR', 3, 'Survey', 'Neutral', , '2021-12-01 02:14:05.972395'),
(1087128295, 'BOTANY BAY', 3, 'Survey', 'Augment', , '2021-12-01 03:41:25.779840'),
(1109770210, 'TRIBUNE', 4, 'Battleship', 'Romulan', , '2021-12-01 02:14:05.972395'),
(1150511104, 'CORVUS', 5, 'Explorer', 'Romulan', , '2021-12-01 02:14:05.972395'),
(1220133742, 'USS MAYFLOWER', 3, 'Explorer', 'Federation', , '2021-12-01 02:14:05.972395'),
(1244824002, 'K\'T\'INGA', 4, 'Battleship', 'Klingon', , '2021-12-01 02:14:05.972395'),
(1247530723, 'D\'DERIDEX', 5, 'Battleship', 'Romulan', , '2021-12-01 02:14:05.972395'),
(1279606467, 'PHINDRA', 2, 'Interceptor', 'Neutral', , '2021-12-01 02:14:05.972395'),
(1307832955, 'USS DISCOVERY', 3, 'Explorer', 'Federation', , '2021-12-01 03:43:34.216444'),
(1379978713, 'SANCTUS', 5, 'Interceptor', 'Romulan', , '2021-12-01 02:14:05.972395'),
(1463338054, 'USS INTREPID', 3, 'Battleship', 'Federation', , '2021-12-01 02:14:05.972395'),
(1535317053, 'VALKIS', 3, 'Survey', 'Romulan', , '2021-12-01 02:14:05.972395'),
(1628890938, 'ISS JELLYFISH', 4, 'Explorer', 'Neutral', , '2021-12-01 02:14:05.972395'),
(1784814733, 'FERENGI D\'VOR', 3, 'Survey', 'Neutral', , '2021-12-01 02:14:05.972395'),
(1842444641, 'TURAS', 2, 'Explorer', 'Neutral', , '2021-12-01 02:14:05.972395'),
(1878809713, 'MERIDIAN', 3, 'Survey', 'Neutral', , '2021-12-01 02:14:05.972395'),
(1960089851, 'HIJACKED D3 CLASS', 3, 'Interceptor', 'Augment', , '2021-12-01 03:41:07.937658'),
(1982797639, 'NOVA', 5, 'Survey', 'Neutral', , '2021-12-01 02:14:05.972395'),
(2004925834, 'BORTAS', 3, 'Battleship', 'Klingon', , '2021-12-01 02:14:05.972395'),
(2016654425, 'USS FRANKLIN-A', 4, 'Explorer', 'Federation', , '2021-12-01 03:39:06.604112'),
(2057434885, 'USS NEWTON', 4, 'Battleship', 'Federation', , '2021-12-01 02:14:05.972395'),
(2165876444, 'GLADIUS', 3, 'Interceptor', 'Romulan', , '2021-12-01 02:14:05.972395'),
(2195955652, 'ROTARRAN', 5, 'Interceptor', 'Klingon', , '2021-12-01 02:14:05.972395'),
(2254702328, 'PILUM', 4, 'Interceptor', 'Romulan', , '2021-12-01 02:14:05.972395'),
(2441576367, 'B\'REL', 3, 'Explorer', 'Klingon', , '2021-12-01 02:14:05.972395'),
(2483093372, 'USS ENTERPRISE', 3, 'Explorer', 'Federation', , '2021-12-01 02:14:05.972395'),
(2529591723, 'VI\'DAR', 3, 'Interceptor', 'Neutral', , '2021-12-01 02:14:05.972395'),
(2623051508, 'VORTA VOR', 4, 'Survey', 'Romulan', , '2021-12-01 02:14:05.972395'),
(2704762692, 'D3 CLASS', 3, 'Interceptor', 'Klingon', , '2021-12-01 02:14:05.972395'),
(2836931919, 'HIJACKED LEGIONARY', 3, 'Battleship', 'Augment', , '2021-12-01 03:41:35.799732'),
(2869476908, 'K\'VORT', 3, 'Survey', 'Klingon', , '2021-12-01 02:14:05.972395'),
(2919480363, 'JELLYFISH', 2, 'Explorer', 'Federation', , '2021-12-01 02:14:05.972395'),
(2968519195, 'ECS FORTUNATE', 1, 'Survey', 'Neutral', , '2021-12-01 02:14:05.972395'),
(3005922948, 'KUMARI', 3, 'Battleship', 'Neutral', , '2021-12-01 02:14:05.972395'),
(3006451338, 'SEPARATIST D3 CLASS', 3, 'Interceptor', 'Klingon', , '2021-12-01 02:14:05.972395'),
(3014221215, 'ENVOY', 2, 'Survey', 'Neutral', , '2021-12-01 02:14:05.972395'),
(3033866568, 'VAHKLAS', 3, 'Explorer', 'Federation', , '2021-12-01 03:43:03.171460'),
(3046584086, 'ECS HORIZON', 3, 'Survey', 'Neutral', , '2021-12-01 02:14:05.972395'),
(3056258007, 'USS SALADIN', 3, 'Interceptor', 'Federation', , '2021-12-01 02:14:05.972395'),
(3376611577, 'HIJACKED USS MAYFLOW', 3, 'Explorer', 'Augment', , '2021-12-01 03:37:56.769920'),
(3426564736, 'VOR\'CHA', 5, 'Battleship', 'Klingon', , '2021-12-01 02:14:05.972395'),
(3432906971, 'HEGH\'TA', 4, 'Interceptor', 'Klingon', , '2021-12-01 02:14:05.972395'),
(3459465041, 'AUGUR', 3, 'Battleship', 'Romulan', , '2021-12-01 02:14:05.972395'),
(3554487827, 'LEGIONARY', 3, 'Battleship', 'Romulan', , '2021-12-01 02:14:05.972395'),
(3665388873, 'KORINAR', 4, 'Explorer', 'Klingon', , '2021-12-01 02:14:05.972395'),
(3694387091, 'B\'CHOR', 4, 'Survey', 'Klingon', , '2021-12-01 02:14:05.972395'),
(3990933991, 'USS ENTERPRISE A', 4, 'Explorer', 'Federation', , '2021-12-01 02:14:05.972395');

-- --------------------------------------------------------

--
-- Table structure for table `StfcSystems`
--

CREATE TABLE `StfcSystems` (
  `SystemID` bigint(11) NOT NULL,
  `SystemName` varchar(20) NOT NULL,
  `SystemLevel` int(11) DEFAULT NULL,
  `SystemWarpDist` int(11) NOT NULL,
  `SystemType` set('Federation','Independent','Klingon','Romulan','Territory') NOT NULL,
  `DarkSpace` tinyint(1) NOT NULL DEFAULT 0,
  `LastUpdatedBy` varchar(20) NOT NULL DEFAULT current_user(),
  `LastUpdated` timestamp(6) NOT NULL DEFAULT current_timestamp(6) ON UPDATE current_timestamp(6)
) ENGINE=InnoDB DEFAULT CHARSET=utf8mb4;

--
-- Dumping data for table `StfcSystems`
--

INSERT INTO `StfcSystems` (`SystemID`, `SystemName`, `SystemLevel`, `SystemWarpDist`, `SystemType`, `DarkSpace`, `LastUpdatedBy`, `LastUpdated`) VALUES
(31, 'Andoria', 34, 30, 'Federation', 0, , '2021-12-01 02:14:44.219626'),
(37, 'Nelvana', 32, 27, 'Romulan', 0, , '2021-12-01 02:14:44.219626'),
(39, 'Vulcan', 23, 17, 'Federation', 0, , '2021-12-01 02:14:44.219626'),
(42, 'Orion', 12, 8, '', 0, , '2021-12-01 02:14:44.219626'),
(52, 'Nausicaa', 12, 8, '', 0, , '2021-12-01 02:14:44.219626'),
(54, 'Rigel', 13, 10, '', 0, , '2021-12-01 02:14:44.219626'),
(55, 'Yridia', 7, 5, '', 0, , '2021-12-01 02:14:44.219626'),
(90, 'Tellun', 7, 5, '', 0, , '2021-12-01 02:14:44.219626'),
(94, 'Trill', 39, 47, 'Federation', 0, , '2021-12-01 02:14:44.219626'),
(97, 'Yadalla', 39, 38, 'Romulan', 0, , '2021-12-01 02:14:44.219626'),
(2876, 'Maluria', 7, 5, '', 0, , '2021-12-01 02:14:44.219626'),
(3047, 'Riktor', 38, 48, 'Federation', 0, , '2021-12-01 02:14:44.219626'),
(16693, 'Peliar Zel', 38, 46, 'Federation', 0, , '2021-12-01 02:14:44.219626'),
(51355, 'Noakyn', 30, 23, 'Federation', 0, , '2021-12-01 02:14:44.219626'),
(57277, 'Axanar', 36, 45, 'Federation', 0, , '2021-12-01 02:14:44.219626'),
(71005, 'Banks', 1, 0, '', 0, , '2021-12-01 02:14:44.219626'),
(71088, 'Izbel', 1, 1, '', 0, , '2021-12-01 02:14:44.219626'),
(71089, 'Dovaler', 1, 1, '', 0, , '2021-12-01 02:14:44.219626'),
(71249, 'Groshi', 2, 1, '', 0, , '2021-12-01 02:14:44.219626'),
(71303, 'Estrada', 4, 2, '', 0, , '2021-12-01 02:14:44.219626'),
(71358, 'Risa', 7, 5, '', 0, , '2021-12-01 02:14:44.219626'),
(71399, 'Cospilon', 2, 2, '', 0, , '2021-12-01 02:14:44.219626'),
(71464, 'Halkon', 1, 2, '', 0, , '2021-12-01 02:14:44.219626'),
(71465, 'Doma', 1, 2, '', 0, , '2021-12-01 02:14:44.219626'),
(71466, 'Heima', 1, 2, '', 0, , '2021-12-01 02:14:44.219626'),
(71713, 'Soeller', 1, 3, '', 0, , '2021-12-01 02:14:44.219626'),
(71714, 'Barra', 1, 3, '', 0, , '2021-12-01 02:14:44.219626'),
(71715, 'Corla', 1, 3, '', 0, , '2021-12-01 02:14:44.219626'),
(71892, 'Follin', 2, 3, '', 0, , '2021-12-01 02:14:44.219626'),
(71905, 'Tohvus', 1, 3, '', 0, , '2021-12-01 02:14:44.219626'),
(71906, 'Zanti', 1, 3, '', 0, , '2021-12-01 02:14:44.219626'),
(71907, 'Bo-Jeems', 1, 3, '', 0, , '2021-12-01 02:14:44.219626'),
(72084, 'Dalfa', 2, 3, '', 0, , '2021-12-01 02:14:44.219626'),
(72093, 'Benzi', 4, 3, '', 0, , '2021-12-01 02:14:44.219626'),
(72116, 'Yuvaa', 5, 3, '', 0, , '2021-12-01 02:14:44.219626'),
(72902, 'Eral', 9, 5, '', 0, , '2021-12-01 02:14:44.219626'),
(73488, 'Reelah', 1, 3, '', 0, , '2021-12-01 02:14:44.219626'),
(73555, 'Slawlor', 1, 3, '', 0, , '2021-12-01 02:14:44.219626'),
(73556, 'Boorhi', 1, 3, '', 0, , '2021-12-01 02:14:44.219626'),
(73559, 'Nidox', 1, 3, '', 0, , '2021-12-01 02:14:44.219626'),
(73560, 'Poja', 1, 3, '', 0, , '2021-12-01 02:14:44.219626'),
(73561, 'Lipas', 1, 3, '', 0, , '2021-12-01 02:14:44.219626'),
(73854, 'Bodex', 2, 3, '', 0, , '2021-12-01 02:14:44.219626'),
(73857, 'Toshen', 2, 3, '', 0, , '2021-12-01 02:14:44.219626'),
(73970, 'Zukerat', 4, 3, '', 0, , '2021-12-01 02:14:44.219626'),
(74017, 'Melvara', 5, 3, '', 0, , '2021-12-01 02:14:44.219626'),
(74101, 'Volta', 9, 5, '', 0, , '2021-12-01 02:14:44.219626'),
(74128, 'Ruli', 4, 5, '', 0, , '2021-12-01 02:14:44.219626'),
(74130, 'Laurgatt', 4, 5, '', 0, , '2021-12-01 02:14:44.219626'),
(74131, 'Baw', 4, 5, '', 0, , '2021-12-01 02:14:44.219626'),
(74244, 'Flok', 5, 5, '', 0, , '2021-12-01 02:14:44.219626'),
(74246, 'Hosun', 5, 5, '', 0, , '2021-12-01 02:14:44.219626'),
(74308, 'Pimo', 1, 5, '', 0, , '2021-12-01 02:14:44.219626'),
(74369, 'Iora', 2, 5, '', 0, , '2021-12-01 02:14:44.219626'),
(74434, 'Quirad', 1, 5, '', 0, , '2021-12-01 02:14:44.219626'),
(74435, 'Sido', 1, 5, '', 0, , '2021-12-01 02:14:44.219626'),
(74562, 'Mayagrazi', 2, 5, '', 0, , '2021-12-01 02:14:44.219626'),
(74627, 'Beyven', 1, 5, '', 0, , '2021-12-01 02:14:44.219626'),
(74630, 'Alorina', 1, 5, '', 0, , '2021-12-01 02:14:44.219626'),
(74631, 'Didi', 1, 5, '', 0, , '2021-12-01 02:14:44.219626'),
(74878, 'Sverlov', 2, 5, '', 0, , '2021-12-01 02:14:44.219626'),
(74879, 'Falko', 2, 5, '', 0, , '2021-12-01 02:14:44.219626'),
(75015, 'Skelg', 1, 5, '', 0, , '2021-12-01 02:14:44.219626'),
(75016, 'Muhen', 1, 5, '', 0, , '2021-12-01 02:14:44.219626'),
(75018, 'Khic', 1, 5, '', 0, , '2021-12-01 02:14:44.219626'),
(75019, 'Saqua', 1, 5, '', 0, , '2021-12-01 02:14:44.219626'),
(75020, 'Vemarii', 1, 5, '', 0, , '2021-12-01 02:14:44.219626'),
(75021, 'Wuver', 1, 5, '', 0, , '2021-12-01 02:14:44.219626'),
(75543, 'Cymon', 2, 5, '', 0, , '2021-12-01 02:14:44.219626'),
(75544, 'Jobe', 2, 5, '', 0, , '2021-12-01 02:14:44.219626'),
(75690, 'Maq', 1, 5, '', 0, , '2021-12-01 02:14:44.219626'),
(75692, 'Donnel', 1, 5, '', 0, , '2021-12-01 02:14:44.219626'),
(75693, 'Jeybriol', 1, 5, '', 0, , '2021-12-01 02:14:44.219626'),
(75694, 'Feer', 1, 5, '', 0, , '2021-12-01 02:14:44.219626'),
(75697, 'Kerao', 1, 5, '', 0, , '2021-12-01 02:14:44.219626'),
(75698, 'Lyquan', 1, 5, '', 0, , '2021-12-01 02:14:44.219626'),
(76222, 'Jinnia', 9, 5, '', 0, , '2021-12-01 02:14:44.219626'),
(76223, 'Eravan', 9, 5, '', 0, , '2021-12-01 02:14:44.219626'),
(76295, 'Obbia', 1, 5, '', 0, , '2021-12-01 02:14:44.219626'),
(76296, 'Soman', 1, 5, '', 0, , '2021-12-01 02:14:44.219626'),
(76297, 'Delbaana', 1, 5, '', 0, , '2021-12-01 02:14:44.219626'),
(76321, 'Melllvar', 1, 5, '', 0, , '2021-12-01 02:14:44.219626'),
(76325, 'New Sligo', 1, 5, '', 0, , '2021-12-01 02:14:44.219626'),
(76328, 'Lanoitan', 1, 5, '', 0, , '2021-12-01 02:14:44.219626'),
(76329, 'Colt', 1, 5, '', 0, , '2021-12-01 02:14:44.219626'),
(76330, 'Lyra', 1, 5, '', 0, , '2021-12-01 02:14:44.219626'),
(76332, 'Yerma', 1, 5, '', 0, , '2021-12-01 02:14:44.219626'),
(76334, 'Injerra', 1, 5, '', 0, , '2021-12-01 02:14:44.219626'),
(76335, 'Junid', 1, 5, '', 0, , '2021-12-01 02:14:44.219626'),
(76336, 'Rabalon', 2, 5, '', 0, , '2021-12-01 02:14:44.219626'),
(76337, 'Dauan', 1, 5, '', 0, , '2021-12-01 02:14:44.219626'),
(76338, 'Vatok', 1, 5, '', 0, , '2021-12-01 02:14:44.219626'),
(76339, 'Orkon', 1, 5, '', 0, , '2021-12-01 02:14:44.219626'),
(76340, 'Lotch', 1, 5, '', 0, , '2021-12-01 02:14:44.219626'),
(76341, 'Laxos', 1, 5, '', 0, , '2021-12-01 02:14:44.219626'),
(76342, 'Berebul', 1, 5, '', 0, , '2021-12-01 02:14:44.219626'),
(76604, 'Hroga', 2, 5, '', 0, , '2021-12-01 02:14:44.219626'),
(76605, 'Zorga', 2, 5, '', 0, , '2021-12-01 02:14:44.219626'),
(76606, 'Wagirur', 2, 5, '', 0, , '2021-12-01 02:14:44.219626'),
(77669, 'Klora', 2, 5, '', 0, , '2021-12-01 02:14:44.219626'),
(78022, 'Gomes', 2, 5, '', 0, , '2021-12-01 02:14:44.219626'),
(78023, 'Alacti', 2, 5, '', 0, , '2021-12-01 02:14:44.219626'),
(78440, 'Vawur', 2, 5, '', 0, , '2021-12-01 02:14:44.219626'),
(78519, 'Vinland', 4, 5, '', 0, , '2021-12-01 02:14:44.219626'),
(78520, 'Takik', 4, 5, '', 0, , '2021-12-01 02:14:44.219626'),
(78521, 'Aker', 4, 5, '', 0, , '2021-12-01 02:14:44.219626'),
(78651, 'Forhingre', 5, 5, '', 0, , '2021-12-01 02:14:44.219626'),
(78653, 'Winber', 5, 5, '', 0, , '2021-12-01 02:14:44.219626'),
(78726, 'Kito', 9, 5, '', 0, , '2021-12-01 02:14:44.219626'),
(78727, 'Worhundelja', 9, 5, '', 0, , '2021-12-01 02:14:44.219626'),
(78788, 'Wokapa', 1, 5, '', 0, , '2021-12-01 02:14:44.219626'),
(78790, 'Agrico', 1, 5, '', 0, , '2021-12-01 02:14:44.219626'),
(78791, 'Maynard', 1, 5, '', 0, , '2021-12-01 02:14:44.219626'),
(78792, 'Odal', 1, 5, '', 0, , '2021-12-01 02:14:44.219626'),
(78793, 'Entrunar', 1, 5, '', 0, , '2021-12-01 02:14:44.219626'),
(78967, 'Dolcan', 2, 5, '', 0, , '2021-12-01 02:14:44.219626'),
(78968, 'Aetisan', 2, 5, '', 0, , '2021-12-01 02:14:44.219626'),
(79370, 'Bridford', 4, 5, '', 0, , '2021-12-01 02:14:44.219626'),
(79416, 'Landi', 4, 5, '', 0, , '2021-12-01 02:14:44.219626'),
(79418, 'Bohvanderro', 4, 5, '', 0, , '2021-12-01 02:14:44.219626'),
(79497, 'Calex', 5, 5, '', 0, , '2021-12-01 02:14:44.219626'),
(79500, 'Aoro', 5, 5, '', 0, , '2021-12-01 02:14:44.219626'),
(79577, 'Palimer', 9, 5, '', 0, , '2021-12-01 02:14:44.219626'),
(79578, 'Dyrr', 9, 5, '', 0, , '2021-12-01 02:14:44.219626'),
(79631, 'Mulk', 2, 5, '', 0, , '2021-12-01 02:14:44.219626'),
(79632, 'Taoji', 2, 5, '', 0, , '2021-12-01 02:14:44.219626'),
(79633, 'Vinmaier', 2, 5, '', 0, , '2021-12-01 02:14:44.219626'),
(79634, 'Panuq', 2, 5, '', 0, , '2021-12-01 02:14:44.219626'),
(79916, 'Lockred', 1, 5, '', 0, , '2021-12-01 02:14:44.219626'),
(79917, 'Nurt', 1, 5, '', 0, , '2021-12-01 02:14:44.219626'),
(79918, 'Patton', 1, 5, '', 0, , '2021-12-01 02:14:44.219626'),
(79921, 'Pinikou', 1, 5, '', 0, , '2021-12-01 02:14:44.219626'),
(79923, 'Xoja', 1, 5, '', 0, , '2021-12-01 02:14:44.219626'),
(79924, 'Cecin', 1, 5, '', 0, , '2021-12-01 02:14:44.219626'),
(79928, 'Resola', 1, 5, '', 0, , '2021-12-01 02:14:44.219626'),
(79929, 'Ramexik', 1, 5, '', 0, , '2021-12-01 02:14:44.219626'),
(79930, 'Hessen', 1, 5, '', 0, , '2021-12-01 02:14:44.219626'),
(79931, 'Kepp', 1, 5, '', 0, , '2021-12-01 02:14:44.219626'),
(79932, 'Poservoz', 1, 5, '', 0, , '2021-12-01 02:14:44.219626'),
(79933, 'Lunfa', 1, 5, '', 0, , '2021-12-01 02:14:44.219626'),
(80996, 'Calder', 39, 31, 'Romulan', 0, , '2021-12-01 02:14:44.219626'),
(81005, 'Rozi', 9, 5, '', 0, , '2021-12-01 02:14:44.219626'),
(81085, 'Imgra', 10, 5, '', 0, , '2021-12-01 02:14:44.219626'),
(81181, 'Whinnul', 9, 5, '', 0, , '2021-12-01 02:14:44.219626'),
(81219, 'Grenfil', 9, 5, '', 0, , '2021-12-01 02:14:44.219626'),
(81250, 'Bellas', 12, 7, '', 0, , '2021-12-01 02:14:44.219626'),
(81286, 'Elona', 13, 11, '', 0, , '2021-12-01 02:14:44.219626'),
(81354, 'Cita Laga', 15, 11, '', 0, , '2021-12-01 02:14:44.219626'),
(81397, 'Freyda', 17, 13, '', 0, , '2021-12-01 02:14:44.219626'),
(81459, 'Opla', 20, 13, '', 0, , '2021-12-01 02:14:44.219626'),
(81497, 'Sorenle', 21, 15, '', 0, , '2021-12-01 02:14:44.219626'),
(81531, 'Afritalis', 30, 22, '', 0, , '2021-12-01 02:14:44.219626'),
(81592, 'Luheez', 9, 5, '', 0, , '2021-12-01 02:14:44.219626'),
(81593, 'Mari', 9, 5, '', 0, , '2021-12-01 02:14:44.219626'),
(81594, 'Dignam', 9, 5, '', 0, , '2021-12-01 02:14:44.219626'),
(81603, 'Fostaa', 10, 5, '', 0, , '2021-12-01 02:14:44.219626'),
(81618, 'Liynuk', 9, 5, '', 0, , '2021-12-01 02:14:44.219626'),
(81619, 'Flibble', 9, 5, '', 0, , '2021-12-01 02:14:44.219626'),
(81622, 'Sohkia', 9, 5, '', 0, , '2021-12-01 02:14:44.219626'),
(81623, 'Later', 9, 5, '', 0, , '2021-12-01 02:14:44.219626'),
(81634, 'Quvolis', 11, 7, '', 0, , '2021-12-01 02:14:44.219626'),
(81641, 'Honsao', 10, 5, '', 0, , '2021-12-01 02:14:44.219626'),
(81642, 'Collep', 10, 5, '', 0, , '2021-12-01 02:14:44.219626'),
(81666, 'Gobbo', 9, 5, '', 0, , '2021-12-01 02:14:44.219626'),
(81667, 'Yoki Neesh', 9, 5, '', 0, , '2021-12-01 02:14:44.219626'),
(81668, 'Una', 9, 5, '', 0, , '2021-12-01 02:14:44.219626'),
(81669, 'Maya', 9, 5, '', 0, , '2021-12-01 02:14:44.219626'),
(81670, 'Zonu', 9, 5, '', 0, , '2021-12-01 02:14:44.219626'),
(81673, 'Luca', 9, 5, '', 0, , '2021-12-01 02:14:44.219626'),
(81674, 'Alannah', 9, 5, '', 0, , '2021-12-01 02:14:44.219626'),
(82908, 'Dudu', 9, 5, '', 0, , '2021-12-01 02:14:44.219626'),
(83345, 'Nelve', 12, 7, '', 0, , '2021-12-01 02:14:44.219626'),
(83351, 'Donfo', 10, 5, '', 0, , '2021-12-01 02:14:44.219626'),
(83353, 'Weh', 10, 5, '', 0, , '2021-12-01 02:14:44.219626'),
(83362, 'Elva', 11, 7, '', 0, , '2021-12-01 02:14:44.219626'),
(83373, 'Aum', 9, 5, '', 0, , '2021-12-01 02:14:44.219626'),
(83376, 'Bulut', 9, 5, '', 0, , '2021-12-01 02:14:44.219626'),
(83385, 'Ethjamar', 9, 5, '', 0, , '2021-12-01 02:14:44.219626'),
(83386, 'Somaochu', 9, 5, '', 0, , '2021-12-01 02:14:44.219626'),
(83387, 'Mackers', 9, 5, '', 0, , '2021-12-01 02:14:44.219626'),
(83388, 'Doraboro', 9, 5, '', 0, , '2021-12-01 02:14:44.219626'),
(83389, 'Ellijo', 9, 5, '', 0, , '2021-12-01 02:14:44.219626'),
(83390, 'Tynkar', 9, 5, '', 0, , '2021-12-01 02:14:44.219626'),
(3712908, 'Altanea', 38, 38, 'Romulan', 0, , '2021-12-01 02:14:44.219626'),
(8006414, 'Kur\'than', 56, 400, 'Klingon', 1, , '2021-12-01 02:14:44.219626'),
(8557317, 'Areal', 56, 355, 'Federation', 1, , '2021-12-01 02:14:44.219626'),
(9849804, 'Parturi Alpha', 20, 20, '', 1, , '2021-12-01 02:14:44.219626'),
(10926405, 'Ain\'Tok', 38, 52, '', 0, , '2021-12-01 02:14:44.219626'),
(11909028, 'Zeta Polis', 19, 13, '', 0, , '2021-12-01 02:14:44.219626'),
(14279376, 'Korok', 30, 25, '', 0, , '2021-12-01 02:14:44.219626'),
(14444521, 'Esto', 43, 75, 'Romulan', 1, , '2021-12-01 02:14:44.219626'),
(18003294, 'Brestant', 39, 40, 'Klingon', 0, , '2021-12-01 02:14:44.219626'),
(23670305, 'Spira', 27, 20, 'Federation', 0, , '2021-12-01 02:14:44.219626'),
(28429154, 'Hyland', 42, 70, 'Federation', 1, , '2021-12-01 02:14:44.219626'),
(29307090, 'Marzer', 25, 20, '', 0, , '2021-12-01 02:14:44.219626'),
(32478962, 'Kurchee', 41, 70, 'Federation', 1, , '2021-12-01 02:14:44.219626'),
(33868539, 'Begekou', 44, 100, '', 0, , '2021-12-01 02:14:44.219626'),
(36276112, 'Urhaasi', 47, 135, 'Romulan', 1, , '2021-12-01 02:14:44.219626'),
(37068128, 'Aruna', 21, 13, 'Federation', 0, , '2021-12-01 02:14:44.219626'),
(38142083, 'Unoma', 29, 22, '', 0, , '2021-12-01 02:14:44.219626'),
(38180137, 'Evans', 38, 50, '', 0, , '2021-12-01 02:14:44.219626'),
(39723580, 'Mina', 40, 56, '', 1, , '2021-12-01 02:14:44.219626'),
(42777065, 'Gelida Alpha', 20, 20, '', 1, , '2021-12-01 02:14:44.219626'),
(44494918, 'Jaq', 30, 26, 'Romulan', 0, , '2021-12-01 02:14:44.219626'),
(51240577, 'Quv Qeb', 36, 38, 'Klingon', 0, , '2021-12-01 02:14:44.219626'),
(54120619, 'Ursva', 40, 38, 'Klingon', 0, , '2021-12-01 02:14:44.219626'),
(55550488, 'Jen\'rik', 29, 25, 'Federation', 0, , '2021-12-01 02:14:44.219626'),
(58793480, 'Argandu', 29, 32, 'Romulan', 0, , '2021-12-01 02:14:44.219626'),
(60112512, 'Gra', 18, 12, '', 0, , '2021-12-01 02:14:44.219626'),
(62682244, 'Neboo', 44, 95, '', 1, , '2021-12-01 02:14:44.219626'),
(64785058, 'ST-19184', 58, 440, '', 1, , '2021-12-01 02:14:44.219626'),
(65046528, 'Ishka\'du', 56, 355, '', 1, , '2021-12-01 02:14:44.219626'),
(67512582, 'Feilji', 30, 29, '', 0, , '2021-12-01 02:14:44.219626'),
(69523071, 'Kaus Borealis', 17, 13, '', 0, , '2021-12-01 02:14:44.219626'),
(72072654, 'Koltiska', 28, 19, 'Romulan', 0, , '2021-12-01 02:14:44.219626'),
(72568276, 'Ulzar', 6, 5, '', 0, , '2021-12-01 02:14:44.219626'),
(73238090, 'Hulman', 52, 230, '', 1, , '2021-12-01 02:14:44.219626'),
(76168378, 'Thaylen Alpha', 20, 20, '', 1, , '2021-12-01 02:14:44.219626'),
(77774158, 'Gobuoov', 37, 40, '', 0, , '2021-12-01 02:14:44.219626'),
(77775934, 'Yaar', 25, 25, '', 0, , '2021-12-01 02:14:44.219626'),
(77831127, 'Sintek', 31, 25, '', 0, , '2021-12-01 02:14:44.219626'),
(80157902, 'Hoobishan Alpha', 30, 20, '', 1, , '2021-12-01 02:14:44.219626'),
(82872624, 'Strezhi', 26, 19, 'Romulan', 0, , '2021-12-01 02:14:44.219626'),
(90203356, 'Bor', 38, 48, '', 0, , '2021-12-01 02:14:44.219626'),
(92012030, 'Iaswo', 6, 5, '', 0, , '2021-12-01 02:14:44.219626'),
(99755816, 'Roda Delta', 30, 22, '', 0, , '2021-12-01 02:14:44.219626'),
(101146473, 'Netron Alpha', 23, 20, '', 0, , '2021-12-01 02:14:44.219626'),
(105928770, 'Tisiphone', 40, 33, '', 0, , '2021-12-01 02:14:44.219626'),
(107132824, 'T\'ong', 43, 75, 'Klingon', 1, , '2021-12-01 02:14:44.219626'),
(109845501, 'Arcadion', 23, 20, '', 0, , '2021-12-01 02:14:44.219626'),
(112840706, 'Forseti', 36, 30, 'Klingon', 0, , '2021-12-01 02:14:44.219626'),
(113352984, 'Nipaj', 24, 19, 'Romulan', 0, , '2021-12-01 02:14:44.219626'),
(117053650, 'Nezha', 38, 48, '', 0, , '2021-12-01 02:14:44.219626'),
(117464719, 'Rator', 29, 20, 'Romulan', 0, , '2021-12-01 02:14:44.219626'),
(119043632, 'Teranth', 50, 185, 'Romulan', 1, , '2021-12-01 02:14:44.219626'),
(125616407, 'Beilum', 50, 120, '', 0, , '2021-12-01 02:14:44.219626'),
(129791609, 'Bilge', 54, 285, 'Federation', 1, , '2021-12-01 02:14:44.219626'),
(134511276, 'Alpha Sector', 50, 185, '', 1, , '2021-12-01 02:14:44.219626'),
(137932221, 'Sayo', 26, 22, '', 0, , '2021-12-01 02:14:44.219626'),
(139414838, 'Abilakk Beta', 30, 20, '', 1, , '2021-12-01 02:14:44.219626'),
(143594630, 'Guanyin', 38, 51, '', 0, , '2021-12-01 02:14:44.219626'),
(144549462, 'Jiwu\'puH', 36, 37, 'Klingon', 0, , '2021-12-01 02:14:44.219626'),
(144653171, 'Risette', 28, 25, '', 0, , '2021-12-01 02:14:44.219626'),
(145247281, 'Roshar Beta', 30, 20, '', 1, , '2021-12-01 02:14:44.219626'),
(146624309, 'Ty\'Gokor', 39, 53, 'Klingon', 0, , '2021-12-01 02:14:44.219626'),
(146966413, 'Januu', 33, 27, '', 0, , '2021-12-01 02:14:44.219626'),
(147683237, 'Subezac', 38, 51, '', 0, , '2021-12-01 02:14:44.219626'),
(147962060, 'Suliban', 35, 40, '', 0, , '2021-12-01 02:14:44.219626'),
(152399226, 'Kuat', 37, 40, '', 0, , '2021-12-01 02:14:44.219626'),
(152972772, 'Dairuum', 58, 440, 'Romulan', 1, , '2021-12-01 02:14:44.219626'),
(158586489, 'Tufem', 23, 18, 'Romulan', 0, , '2021-12-01 02:14:44.219626'),
(163146741, 'Crios Beta', 30, 20, '', 1, , '2021-12-01 02:14:44.219626'),
(163435504, 'Lilanei', 36, 38, 'Romulan', 0, , '2021-12-01 02:14:44.219626'),
(166663079, 'Ja\'Corash', 40, 64, 'Klingon', 1, , '2021-12-01 02:14:44.219626'),
(167908404, 'Arcturus', 39, 47, 'Federation', 0, , '2021-12-01 02:14:44.219626'),
(168803971, 'Wauoxic', 24, 19, 'Romulan', 0, , '2021-12-01 02:14:44.219626'),
(169288075, 'Zozalin', 9, 7, '', 0, , '2021-12-01 02:14:44.219626'),
(173688948, 'Ovelya', 59, 500, 'Klingon', 1, , '2021-12-01 02:14:44.219626'),
(175361866, 'Pyr', 8, 5, '', 0, , '2021-12-01 02:14:44.219626'),
(178991091, 'Ormilek', 40, 64, 'Romulan', 0, , '2021-12-01 02:14:44.219626'),
(180481608, 'Rana Nur', 17, 15, 'Romulan', 0, , '2021-12-01 02:14:44.219626'),
(182422424, 'Ash-tor', 43, 80, '', 1, , '2021-12-01 02:14:44.219626'),
(182486122, 'Otima Beta', 20, 20, '', 1, , '2021-12-01 02:14:44.219626'),
(182699358, 'Beta Assembly', 25, 20, '', 0, , '2021-12-01 02:14:44.219626'),
(185994535, 'Aonad Beta', 20, 20, '', 1, , '2021-12-01 02:14:44.219626'),
(186002583, 'Ayvren', 38, 48, '', 0, , '2021-12-01 02:14:44.219626'),
(186798495, 'Etaoin', 25, 18, 'Klingon', 0, , '2021-12-01 02:14:44.219626'),
(189590910, 'Herias', 18, 13, '', 0, , '2021-12-01 02:14:44.219626'),
(189591311, 'tIn jIb', 50, 185, 'Klingon', 1, , '2021-12-01 02:14:44.219626'),
(193648807, 'Imada', 44, 105, '', 1, , '2021-12-01 02:14:44.219626'),
(193708268, 'Teneebia', 39, 49, 'Federation', 0, , '2021-12-01 02:14:44.219626'),
(194317526, 'Kohva', 15, 13, '', 0, , '2021-12-01 02:14:44.219626'),
(194551302, 'Estar', 37, 75, '', 0, , '2021-12-01 02:14:44.219626'),
(199302142, 'nuHmey veQ', 45, 120, 'Klingon', 1, , '2021-12-01 02:14:44.219626'),
(199906657, 'Siiolux', 35, 24, 'Federation', 0, , '2021-12-01 02:14:44.219626'),
(201680721, 'Udarian', 30, 29, '', 0, , '2021-12-01 02:14:44.219626'),
(203913254, 'Lenara Alpha', 20, 20, '', 1, , '2021-12-01 02:14:44.219626'),
(204416058, 'Mokba', 34, 32, 'Klingon', 0, , '2021-12-01 02:14:44.219626'),
(210381261, 'Hajamieli', 55, 320, 'Romulan', 1, , '2021-12-01 02:14:44.219626'),
(212445492, 'Doniphon', 29, 24, '', 0, , '2021-12-01 02:14:44.219626'),
(213531443, 'Fect', 42, 80, '', 1, , '2021-12-01 02:14:44.219626'),
(218039082, 'Coridan', 16, 13, '', 0, , '2021-12-01 02:14:44.219626'),
(219764058, 'Perim Alpha', 20, 20, '', 1, , '2021-12-01 02:14:44.219626'),
(221813028, 'Tulris', 48, 150, 'Romulan', 0, , '2021-12-01 02:14:44.219626'),
(222360364, 'Mielikki', 6, 5, '', 0, , '2021-12-01 02:14:44.219626'),
(228366243, 'Ril Korvas', 44, 95, 'Romulan', 1, , '2021-12-01 02:14:44.219626'),
(229390986, 'Wallach', 30, 24, '', 0, , '2021-12-01 02:14:44.219626'),
(240211163, 'Comst Alpha', 20, 20, '', 1, , '2021-12-01 02:14:44.219626'),
(243791534, 'Beta Zetori', 33, 32, '', 0, , '2021-12-01 02:14:44.219626'),
(245752118, 'Elvros', 47, 120, 'Romulan', 1, , '2021-12-01 02:14:44.219626'),
(246615176, 'Nuva', 45, 120, 'Romulan', 1, , '2021-12-01 02:14:44.219626'),
(249829100, 'Delmas', 42, 70, 'Romulan', 1, , '2021-12-01 02:14:44.219626'),
(250210568, 'Temeri Beta', 20, 20, '', 1, , '2021-12-01 02:14:44.219626'),
(251691118, 'Arentar', 30, 32, '', 0, , '2021-12-01 02:14:44.219626'),
(252455179, 'Cheron', 39, 54, 'Romulan', 0, , '2021-12-01 02:14:44.219626'),
(253393601, 'Vogum', 9, 7, '', 0, , '2021-12-01 02:14:44.219626'),
(255461687, 'Narendra', 25, 17, '', 0, , '2021-12-01 02:14:44.219626'),
(261184679, 'Nalomas', 28, 25, '', 0, , '2021-12-01 02:14:44.219626'),
(265145612, 'Pasadoran', 26, 18, '', 0, , '2021-12-01 02:14:44.219626'),
(265649208, 'Urthak', 26, 16, 'Klingon', 0, , '2021-12-01 02:14:44.219626'),
(266174576, 'Klaiz', 22, 15, '', 0, , '2021-12-01 02:14:44.219626'),
(267053299, 'Zamaro Alpha', 20, 20, '', 1, , '2021-12-01 02:14:44.219626'),
(274040896, 'Baelos', 50, 185, 'Federation', 1, , '2021-12-01 02:14:44.219626'),
(275555272, 'Wololo', 44, 105, '', 1, , '2021-12-01 02:14:44.219626'),
(276621500, 'Bernin', 8, 5, '', 0, , '2021-12-01 02:14:44.219626'),
(277313528, 'Archer', 36, 45, 'Federation', 0, , '2021-12-01 02:14:44.219626'),
(279648315, 'Unroth', 32, 26, 'Romulan', 0, , '2021-12-01 02:14:44.219626'),
(282282278, 'Vantar Beta', 30, 20, '', 1, , '2021-12-01 02:14:44.219626'),
(282428991, 'Lodum', 9, 7, '', 0, , '2021-12-01 02:14:44.219626'),
(283762244, 'Alonso', 6, 5, '', 0, , '2021-12-01 02:14:44.219626'),
(283913701, 'Hannlaw', 44, 90, '', 1, , '2021-12-01 02:14:44.219626'),
(284857311, 'Zhian Alpha', 30, 20, '', 1, , '2021-12-01 02:14:44.219626'),
(286010939, 'Seretos', 53, 255, 'Klingon', 1, , '2021-12-01 02:14:44.219626'),
(287155805, 'Torra Sedra', 28, 22, '', 0, , '2021-12-01 02:14:44.219626'),
(287702734, 'Durchman', 26, 19, 'Federation', 0, , '2021-12-01 02:14:44.219626'),
(288654275, 'Qubas', 9, 7, '', 0, , '2021-12-01 02:14:44.219626'),
(289357619, 'Yvnys', 40, 65, 'Romulan', 1, , '2021-12-01 02:14:44.219626'),
(291193266, 'Waji\'ku', 35, 33, '', 0, , '2021-12-01 02:14:44.219626'),
(294480699, 'Garyb', 40, 65, 'Klingon', 1, , '2021-12-01 02:14:44.219626'),
(295841985, 'X6-094', 58, 440, 'Federation', 1, , '2021-12-01 02:14:44.219626'),
(296234564, 'Yarda', 36, 7, '', 0, , '2021-12-01 02:14:44.219626'),
(304388536, 'Aesuri', 22, 15, 'Romulan', 0, , '2021-12-01 02:14:44.219626'),
(304946390, 'Vola', 41, 70, 'Romulan', 1, , '2021-12-01 02:14:44.219626'),
(306360997, 'Barnard\'s Star', 38, 40, 'Federation', 0, , '2021-12-01 02:14:44.219626'),
(307615643, 'Duportas Beta', 30, 20, '', 1, , '2021-12-01 02:14:44.219626'),
(308258779, 'Rai\'Trohk', 49, 160, 'Klingon', 1, , '2021-12-01 02:14:44.219626'),
(310376472, 'Eldur Alpha', 30, 20, '', 1, , '2021-12-01 02:14:44.219626'),
(311302379, 'Aesir', 34, 30, 'Romulan', 0, , '2021-12-01 02:14:44.219626'),
(315475883, 'Semele', 25, 25, '', 0, , '2021-12-01 02:14:44.219626'),
(317030700, 'Querlz', 26, 19, 'Federation', 0, , '2021-12-01 02:14:44.219626'),
(317701757, 'Hedex', 47, 120, '', 0, , '2021-12-01 02:14:44.219626'),
(321133037, 'Fithis', 8, 5, '', 0, , '2021-12-01 02:14:44.219626'),
(326597973, 'Fyufi', 6, 5, '', 0, , '2021-12-01 02:14:44.219626'),
(326639237, 'Solusta', 7, 5, '', 0, , '2021-12-01 02:14:44.219626'),
(328124184, 'Roda Alpha', 28, 22, '', 0, , '2021-12-01 02:14:44.219626'),
(330888360, 'Tera Nora', 59, 500, '', 1, , '2021-12-01 02:14:44.219626'),
(331029704, 'Dalogn', 35, 27, '', 0, , '2021-12-01 02:14:44.219626'),
(335238400, 'Gelvin', 19, 13, '', 0, , '2021-12-01 02:14:44.219626'),
(337105505, 'Kejal', 10, 5, '', 0, , '2021-12-01 02:14:44.219626'),
(337568179, 'Adelphi', 32, 23, '', 0, , '2021-12-01 02:14:44.219626'),
(338251357, 'Metra Beta', 25, 18, '', 0, , '2021-12-01 02:14:44.219626'),
(344908071, 'Nyrheimur Beta', 40, 20, '', 1, , '2021-12-01 02:14:44.219626'),
(347602915, 'Dok\'Vos', 41, 70, 'Klingon', 1, , '2021-12-01 02:14:44.219626'),
(349777441, 'Zytallis', 52, 205, '', 1, , '2021-12-01 02:14:44.219626'),
(350186389, 'Kildare', 43, 75, 'Federation', 1, , '2021-12-01 02:14:44.219626'),
(350735951, 'Lo\'Uren Co', 21, 18, 'Federation', 0, , '2021-12-01 02:14:44.219626'),
(353361503, 'Terra Nova', 38, 45, 'Federation', 0, , '2021-12-01 02:14:44.219626'),
(355503878, 'Loaiy', 25, 19, 'Klingon', 0, , '2021-12-01 02:14:44.219626'),
(355757621, 'Vantar Alpha', 30, 20, '', 1, , '2021-12-01 02:14:44.219626'),
(356168727, 'Pnema-438', 55, 320, 'Klingon', 1, , '2021-12-01 02:14:44.219626'),
(363397350, 'Coth', 7, 5, '', 0, , '2021-12-01 02:14:44.219626'),
(366242319, 'Raxo', 49, 120, '', 0, , '2021-12-01 02:14:44.219626'),
(367080002, 'Fontaine', 30, 23, '', 0, , '2021-12-01 02:14:44.219626'),
(369364082, 'Phelan', 28, 19, 'Klingon', 0, , '2021-12-01 02:14:44.219626'),
(370672521, 'Livi', 40, 56, '', 1, , '2021-12-01 02:14:44.219626'),
(372982920, 'Elaisik', 38, 39, 'Romulan', 0, , '2021-12-01 02:14:44.219626'),
(376606935, 'Adia Beta', 20, 20, '', 1, , '2021-12-01 02:14:44.219626'),
(377264362, 'Magnamia', 54, 285, 'Klingon', 1, , '2021-12-01 02:14:44.219626'),
(380667492, 'Beku Alpha', 20, 20, '', 1, , '2021-12-01 02:14:44.219626'),
(381565017, 'Ordesia', 33, 25, '', 0, , '2021-12-01 02:14:44.219626'),
(382708415, 'Huebr', 24, 17, 'Romulan', 0, , '2021-12-01 02:14:44.219626'),
(385262252, 'Devoras', 39, 38, 'Romulan', 0, , '2021-12-01 02:14:44.219626'),
(389850125, 'Corva Gamma', 40, 20, '', 1, , '2021-12-01 02:14:44.219626'),
(393023826, 'Dela', 51, 185, '', 1, , '2021-12-01 02:14:44.219626'),
(393236648, 'Olorun', 39, 50, '', 0, , '2021-12-01 02:14:44.219626'),
(395344716, 'Kol Ran', 22, 15, 'Klingon', 0, , '2021-12-01 02:14:44.219626'),
(398984485, 'Iradrias', 40, 120, '', 0, , '2021-12-01 02:14:44.219626'),
(399469984, 'Hoeven', 27, 19, 'Klingon', 0, , '2021-12-01 02:14:44.219626'),
(400016134, 'Metra Gamma', 25, 18, '', 0, , '2021-12-01 02:14:44.219626'),
(403078075, 'Scanlon', 54, 285, '', 1, , '2021-12-01 02:14:44.219626'),
(404511485, 'Alarek', 42, 70, 'Klingon', 0, , '2021-12-01 02:14:44.219626'),
(409493910, 'Rekar', 28, 24, 'Romulan', 0, , '2021-12-01 02:14:44.219626'),
(409938372, 'Van Cleef', 29, 24, '', 0, , '2021-12-01 02:14:44.219626'),
(417301799, 'May\'lang', 31, 22, 'Klingon', 0, , '2021-12-01 02:14:44.219626'),
(418471590, 'Toen', 48, 160, '', 1, , '2021-12-01 02:14:44.219626'),
(419363175, 'Yoruba', 39, 47, '', 0, , '2021-12-01 02:14:44.219626'),
(426460617, 'Pheben', 39, 52, 'Klingon', 0, , '2021-12-01 02:14:44.219626'),
(428000719, 'Jizo', 23, 20, '', 0, , '2021-12-01 02:14:44.219626'),
(428045576, 'Finlayson', 40, 120, '', 0, , '2021-12-01 02:14:44.219626'),
(430080081, 'Ulrich', 31, 26, 'Klingon', 0, , '2021-12-01 02:14:44.219626'),
(432041032, 'Perralon 472', 44, 105, '', 1, , '2021-12-01 02:14:44.219626'),
(437340701, 'Endriz', 50, 185, '', 1, , '2021-12-01 02:14:44.219626'),
(439344754, 'Romulus', 60, 40, 'Romulan', 0, , '2021-12-01 02:14:44.219626'),
(441811065, 'Olas', 31, 26, 'Romulan', 0, , '2021-12-01 02:14:44.219626'),
(446076352, 'Yosiqul', 9, 7, '', 0, , '2021-12-01 02:14:44.219626'),
(448665124, 'Kiyratari', 55, 320, 'Romulan', 1, , '2021-12-01 02:14:44.219626'),
(449481168, 'Altair', 39, 48, 'Federation', 0, , '2021-12-01 02:14:44.219626'),
(451070273, 'Alastor', 25, 25, '', 0, , '2021-12-01 02:14:44.219626'),
(451252032, 'Kayojui', 9, 7, '', 0, , '2021-12-01 02:14:44.219626'),
(452560379, 'Kauko', 6, 5, '', 0, , '2021-12-01 02:14:44.219626'),
(454578778, 'Barklay', 31, 26, 'Federation', 0, , '2021-12-01 02:14:44.219626'),
(457323993, 'Veisa', 46, 120, 'Romulan', 1, , '2021-12-01 02:14:44.219626'),
(460995644, 'Zizeyab', 37, 40, '', 0, , '2021-12-01 02:14:44.219626'),
(464460417, 'Wezen', 18, 13, '', 0, , '2021-12-01 02:14:44.219626'),
(464724845, 'Verin', 46, 110, '', 1, , '2021-12-01 02:14:44.219626'),
(466368474, 'Pterodasia', 54, 285, 'Klingon', 1, , '2021-12-01 02:14:44.219626'),
(467728031, 'Vanir', 36, 27, '', 0, , '2021-12-01 02:14:44.219626'),
(468245102, 'P\'Jem', 29, 20, 'Federation', 0, , '2021-12-01 02:14:44.219626'),
(468662188, 'Titaxeb ⇺', 39, 27, '', 0, , '2021-12-01 02:14:44.219626'),
(469633213, 'Anzat Beta', 30, 20, '', 1, , '2021-12-01 02:14:44.219626'),
(472409440, 'Inari', 31, 26, 'Federation', 0, , '2021-12-01 02:14:44.219626'),
(473665314, 'Andkara', 30, 24, '', 0, , '2021-12-01 02:14:44.219626'),
(473925134, 'Sinisser', 31, 26, 'Federation', 0, , '2021-12-01 02:14:44.219626'),
(477613271, 'Laija', 25, 19, 'Klingon', 0, , '2021-12-01 02:14:44.219626'),
(479900503, 'Beta Niobe', 43, 80, '', 1, , '2021-12-01 02:14:44.219626'),
(481139067, 'Chaltok', 39, 39, 'Romulan', 0, , '2021-12-01 02:14:44.219626'),
(482905164, 'Stradania', 42, 70, '', 1, , '2021-12-01 02:14:44.219626'),
(492685770, 'Tigan Alpha', 20, 20, '', 1, , '2021-12-01 02:14:44.219626'),
(493472365, 'Dohrmas', 46, 120, 'Klingon', 1, , '2021-12-01 02:14:44.219626'),
(494468965, 'Iezat', 29, 23, '', 0, , '2021-12-01 02:14:44.219626'),
(495025747, 'Vita Nova', 43, 80, '', 1, , '2021-12-01 02:14:44.219626'),
(500227886, 'Achillon', 17, 15, 'Federation', 0, , '2021-12-01 02:14:44.219626'),
(502974835, 'Iocau', 22, 18, 'Federation', 0, , '2021-12-01 02:14:44.219626'),
(503410540, 'Siieqa', 41, 85, '', 0, , '2021-12-01 02:14:44.219626'),
(506782893, 'Tauro-34', 38, 50, '', 0, , '2021-12-01 02:14:44.219626'),
(507279929, 'Ora Leraa', 16, 13, '', 0, , '2021-12-01 02:14:44.219626'),
(511396820, 'Terazon-X31', 28, 21, '', 0, , '2021-12-01 02:14:44.219626'),
(512014239, 'Embek', 36, 38, 'Klingon', 0, , '2021-12-01 02:14:44.219626'),
(512746806, 'Earokij', 37, 40, '', 0, , '2021-12-01 02:14:44.219626'),
(513140357, 'Benes Alpha', 26, 18, '', 0, , '2021-12-01 02:14:44.219626'),
(516359977, 'Argentomea', 35, 26, 'Romulan', 0, , '2021-12-01 02:14:44.219626'),
(520305106, 'Izanami', 23, 20, '', 0, , '2021-12-01 02:14:44.219626'),
(524480027, 'Izbrig', 45, 100, '', 1, , '2021-12-01 02:14:44.219626'),
(528251127, 'Alhazar', 26, 22, '', 0, , '2021-12-01 02:14:44.219626'),
(529309782, 'Zamaro Beta', 20, 20, '', 1, , '2021-12-01 02:14:44.219626'),
(529392493, 'Romii', 38, 40, 'Romulan', 0, , '2021-12-01 02:14:44.219626'),
(533275603, 'Mok\'Tak', 39, 54, 'Klingon', 0, , '2021-12-01 02:14:44.219626'),
(533297349, 'Mezara', 33, 24, '', 0, , '2021-12-01 02:14:44.219626'),
(539331249, 'Draomn', 44, 100, 'Romulan', 1, , '2021-12-01 02:14:44.219626'),
(539879784, 'Barasa Alpha', 40, 20, '', 1, , '2021-12-01 02:14:44.219626'),
(541098504, 'Boraka', 39, 50, 'Romulan', 0, , '2021-12-01 02:14:44.219626'),
(543818924, 'Ragnarr', 17, 12, '', 0, , '2021-12-01 02:14:44.219626'),
(548486466, 'Xa\'Lomk', 48, 150, 'Klingon', 0, , '2021-12-01 02:14:44.219626'),
(549542882, 'Ezla', 48, 160, '', 1, , '2021-12-01 02:14:44.219626'),
(551453548, 'Agataylor', 52, 230, 'Federation', 1, , '2021-12-01 02:14:44.219626'),
(552025766, 'Qeyma Beta', 20, 20, '', 1, , '2021-12-01 02:14:44.219626'),
(553301075, 'Krah\'Hor', 18, 13, 'Klingon', 0, , '2021-12-01 02:14:44.219626'),
(557318096, 'Klosi', 25, 20, '', 0, , '2021-12-01 02:14:44.219626'),
(558854731, 'Xerxes', 29, 23, '', 0, , '2021-12-01 02:14:44.219626'),
(559211813, 'Tola Alpha', 17, 20, '', 1, , '2021-12-01 02:14:44.219626'),
(559795005, 'Cara Alpha', 8, 5, '', 0, , '2021-12-01 02:14:44.219626'),
(561827154, 'Zylo-212', 48, 185, '', 1, , '2021-12-01 02:14:44.219626'),
(562816659, 'Kendi', 46, 27, '', 0, , '2021-12-01 02:14:44.219626'),
(563050574, 'Rada Ban', 22, 15, 'Federation', 0, , '2021-12-01 02:14:44.219626'),
(563386853, 'Klopp', 42, 75, 'Klingon', 1, , '2021-12-01 02:14:44.219626'),
(564692979, 'Pareleon', 26, 16, 'Federation', 0, , '2021-12-01 02:14:44.219626'),
(574950190, 'Delta Sector', 51, 205, '', 1, , '2021-12-01 02:14:44.219626'),
(575117901, 'Metra Alpha', 25, 18, '', 0, , '2021-12-01 02:14:44.219626'),
(576710371, 'Er\'Yozun', 24, 22, '', 0, , '2021-12-01 02:14:44.219626'),
(576725635, 'Hig\'Qar', 38, 39, 'Klingon', 0, , '2021-12-01 02:14:44.219626'),
(579218493, 'Thama', 32, 27, 'Federation', 0, , '2021-12-01 02:14:44.219626'),
(580271870, 'Nya Tuum ⇺', 36, 27, '', 0, , '2021-12-01 02:14:44.219626'),
(581364505, 'Vesteja', 54, 285, 'Federation', 1, , '2021-12-01 02:14:44.219626'),
(582888939, 'Razgara', 30, 29, '', 0, , '2021-12-01 02:14:44.219626'),
(584661618, 'Fafniri', 39, 50, 'Klingon', 0, , '2021-12-01 02:14:44.219626'),
(584883407, 'Zog', 8, 5, '', 0, , '2021-12-01 02:14:44.219626'),
(587813866, 'Vugef', 45, 100, '', 0, , '2021-12-01 02:14:44.219626'),
(590506893, 'Orasi-18', 50, 185, '', 0, , '2021-12-01 02:14:44.219626'),
(591197706, 'Xent\'kra', 35, 33, '', 0, , '2021-12-01 02:14:44.219626'),
(591257295, 'Kemetja', 30, 24, '', 0, , '2021-12-01 02:14:44.219626'),
(593947383, 'No\'Mat', 38, 48, 'Klingon', 0, , '2021-12-01 02:14:44.219626'),
(594602774, 'Biruin', 27, 19, 'Romulan', 0, , '2021-12-01 02:14:44.219626'),
(595950979, 'Dashai', 40, 65, 'Federation', 1, , '2021-12-01 02:14:44.219626'),
(600808958, 'Astertna', 59, 500, '', 1, , '2021-12-01 02:14:44.219626'),
(601072182, 'Zaurak', 13, 11, '', 0, , '2021-12-01 02:14:44.219626'),
(601566712, 'Villo', 27, 20, '', 0, , '2021-12-01 02:14:44.219626'),
(604074052, 'Dle’greffo', 18, 12, '', 0, , '2021-12-01 02:14:44.219626'),
(604358262, 'Alpha Onias', 36, 38, 'Romulan', 0, , '2021-12-01 02:14:44.219626'),
(605602410, 'Mons Mortis', 54, 285, 'Romulan', 1, , '2021-12-01 02:14:44.219626'),
(607109671, 'Oppidum Frumenti', 30, 24, 'Romulan', 0, , '2021-12-01 02:14:44.219626'),
(608145431, 'Ra\'taj', 41, 70, 'Klingon', 1, , '2021-12-01 02:14:44.219626'),
(608311844, 'Aonad Alpha', 20, 20, '', 1, , '2021-12-01 02:14:44.219626'),
(610516582, 'Thosz Beta', 20, 20, '', 1, , '2021-12-01 02:14:44.219626'),
(613539990, 'Izanagi', 32, 26, 'Romulan', 0, , '2021-12-01 02:14:44.219626'),
(615737001, 'Yoria-3', 25, 22, '', 0, , '2021-12-01 02:14:44.219626'),
(617977331, 'Rona Tan', 26, 7, '', 0, , '2021-12-01 02:14:44.219626'),
(622998673, 'Megaera', 40, 33, '', 0, , '2021-12-01 02:14:44.219626'),
(623553994, 'Pandosia', 31, 25, '', 0, , '2021-12-01 02:14:44.219626'),
(624359904, 'Súilneimhe', 8, 5, '', 0, , '2021-12-01 02:14:44.219626'),
(625581925, 'Tejat', 30, 22, '', 0, , '2021-12-01 02:14:44.219626'),
(626886232, 'Archanis', 39, 52, 'Klingon', 0, , '2021-12-01 02:14:44.219626'),
(632006853, 'Exchange Gamma', 32, 24, '', 0, , '2021-12-01 02:14:44.219626'),
(634286176, 'Aerimea', 35, 26, 'Romulan', 0, , '2021-12-01 02:14:44.219626'),
(636398215, 'Wolf', 39, 40, 'Federation', 0, , '2021-12-01 02:14:44.219626'),
(638923368, 'Kiyu', 38, 48, '', 0, , '2021-12-01 02:14:44.219626'),
(640833988, 'Gorath', 38, 39, 'Klingon', 0, , '2021-12-01 02:14:44.219626'),
(643532042, 'Vesali', 35, 27, '', 0, , '2021-12-01 02:14:44.219626'),
(648840056, 'Benes Beta', 26, 18, '', 0, , '2021-12-01 02:14:44.219626'),
(652091106, 'Galorndon Core', 30, 24, 'Romulan', 0, , '2021-12-01 02:14:44.219626'),
(652531525, 'Widis', 48, 120, '', 0, , '2021-12-01 02:14:44.219626'),
(656714232, 'Atlhe', 58, 440, 'Klingon', 1, , '2021-12-01 02:14:44.219626'),
(657564833, 'Timvir', 53, 255, 'Romulan', 1, , '2021-12-01 02:14:44.219626'),
(659054346, 'Utoqa', 10, 7, '', 0, , '2021-12-01 02:14:44.219626'),
(659317183, 'New Dozaria', 25, 20, '', 0, , '2021-12-01 02:14:44.219626'),
(659987486, 'Luoman', 41, 75, 'Federation', 1, , '2021-12-01 02:14:44.219626'),
(661203128, 'Tefkari Alpha', 20, 20, '', 1, , '2021-12-01 02:14:44.219626'),
(663853879, 'Yajoy', 37, 40, '', 0, , '2021-12-01 02:14:44.219626'),
(666248252, 'Vehla', 48, 160, '', 1, , '2021-12-01 02:14:44.219626'),
(667166609, 'Leza', 6, 5, '', 0, , '2021-12-01 02:14:44.219626'),
(669580953, 'Beta Penthe', 34, 33, 'Klingon', 0, , '2021-12-01 02:14:44.219626'),
(669645006, 'Caelum', 49, 160, 'Federation', 1, , '2021-12-01 02:14:44.219626'),
(670982212, 'Tapio', 6, 5, '', 0, , '2021-12-01 02:14:44.219626'),
(678395209, 'ghuH', 50, 185, 'Klingon', 1, , '2021-12-01 02:14:44.219626'),
(680711098, 'Thaylen Beta', 20, 20, '', 1, , '2021-12-01 02:14:44.219626'),
(683807779, 'Ortexa', 41, 75, 'Romulan', 1, , '2021-12-01 02:14:44.219626'),
(689075318, 'Kullendi ⇺', 34, 27, '', 0, , '2021-12-01 02:14:44.219626'),
(689359607, 'Nobeau', 43, 90, '', 0, , '2021-12-01 02:14:44.219626'),
(689467209, 'S\'nruba', 57, 400, 'Romulan', 1, , '2021-12-01 02:14:44.219626'),
(692177966, 'Babishta', 23, 17, '', 0, , '2021-12-01 02:14:44.219626'),
(694278480, 'Kor Na Ron', 27, 21, '', 0, , '2021-12-01 02:14:44.219626'),
(697752211, 'Glacii', 45, 120, '', 1, , '2021-12-01 02:14:44.219626'),
(699920086, 'Otima Alpha', 20, 20, '', 1, , '2021-12-01 02:14:44.219626'),
(703174915, 'Piuioab', 37, 40, '', 0, , '2021-12-01 02:14:44.219626'),
(708173724, 'Mayush-yush', 45, 120, '', 1, , '2021-12-01 02:14:44.219626'),
(708767738, 'Naalur', 44, 110, 'Romulan', 1, , '2021-12-01 02:14:44.219626'),
(716518280, 'Sigma Carment', 33, 32, '', 0, , '2021-12-01 02:14:44.219626'),
(717782925, 'Willenia', 28, 22, '', 0, , '2021-12-01 02:14:44.219626'),
(719474967, 'Atreig', 16, 12, '', 0, , '2021-12-01 02:14:44.219626'),
(719786007, 'Stelama', 44, 95, 'Romulan', 1, , '2021-12-01 02:14:44.219626'),
(721212454, 'Von', 30, 23, '', 0, , '2021-12-01 02:14:44.219626'),
(722806600, 'Ezla Alpha', 20, 20, '', 1, , '2021-12-01 02:14:44.219626'),
(725572971, 'Beta Vordunn', 20, 15, '', 0, , '2021-12-01 02:14:44.219626'),
(725745965, 'Roxeoun', 38, 52, '', 0, , '2021-12-01 02:14:44.219626'),
(727040510, 'Babel', 38, 40, 'Federation', 0, , '2021-12-01 02:14:44.219626'),
(727991242, 'Shynna', 29, 22, '', 0, , '2021-12-01 02:14:44.219626'),
(729358569, 'Friefra', 10, 7, '', 0, , '2021-12-01 02:14:44.219626'),
(729676773, 'Carraya', 33, 27, 'Klingon', 0, , '2021-12-01 02:14:44.219626'),
(735531360, 'Ganzin', 48, 160, '', 1, , '2021-12-01 02:14:44.219626'),
(737799631, 'Aletara', 31, 25, '', 0, , '2021-12-01 02:14:44.219626'),
(739609161, 'Angosia', 25, 18, 'Federation', 0, , '2021-12-01 02:14:44.219626'),
(739734418, 'Mempa', 38, 39, 'Klingon', 0, , '2021-12-01 02:14:44.219626'),
(742843878, 'Inoss', 50, 185, 'Klingon', 1, , '2021-12-01 02:14:44.219626'),
(748005167, 'Cara Beta', 8, 5, '', 0, , '2021-12-01 02:14:44.219626'),
(750169626, 'Nooia', 9, 7, '', 0, , '2021-12-01 02:14:44.219626'),
(750762202, 'Loch\'Grman', 49, 160, 'Romulan', 1, , '2021-12-01 02:14:44.219626'),
(753424302, 'Rainsford', 20, 13, '', 0, , '2021-12-01 02:14:44.219626'),
(754127840, 'Zhian Beta', 30, 20, '', 1, , '2021-12-01 02:14:44.219626'),
(755562811, 'Mal\'Tahn', 38, 27, '', 0, , '2021-12-01 02:14:44.219626'),
(756362891, 'ZA-87B', 52, 205, '', 1, , '2021-12-01 02:14:44.219626'),
(766077716, 'Clara', 53, 255, 'Federation', 1, , '2021-12-01 02:14:44.219626'),
(768871279, 'Ado', 17, 20, '', 0, , '2021-12-01 02:14:44.219626'),
(770951423, 'Glintara', 39, 48, 'Romulan', 0, , '2021-12-01 02:14:44.219626'),
(773013183, 'Ruhe Alpha', 20, 20, '', 1, , '2021-12-01 02:14:44.219626'),
(776435049, 'Lempo', 31, 26, 'Romulan', 0, , '2021-12-01 02:14:44.219626'),
(776886360, 'Ebisu', 31, 26, 'Klingon', 0, , '2021-12-01 02:14:44.219626'),
(781961898, 'Ami Bera', 43, 75, 'Romulan', 1, , '2021-12-01 02:14:44.219626'),
(786070886, 'Umxheli', 41, 70, '', 1, , '2021-12-01 02:14:44.219626'),
(786385013, 'Hrojost Beta', 30, 20, '', 1, , '2021-12-01 02:14:44.219626'),
(787441530, 'Veist', 6, 5, '', 0, , '2021-12-01 02:14:44.219626'),
(787960557, 'Lindstrom', 40, 24, '', 0, , '2021-12-01 02:14:44.219626'),
(788343992, 'Rooth', 26, 19, 'Romulan', 0, , '2021-12-01 02:14:44.219626'),
(789724593, 'Antonehk', 21, 13, 'Klingon', 0, , '2021-12-01 02:14:44.219626'),
(792513330, 'Bolarus', 39, 54, 'Federation', 0, , '2021-12-01 02:14:44.219626'),
(796248417, 'Valance', 28, 24, '', 0, , '2021-12-01 02:14:44.219626'),
(797035141, 'Sahqooq', 30, 26, 'Federation', 0, , '2021-12-01 02:14:44.219626'),
(801718828, 'Ruhe Beta', 20, 20, '', 1, , '2021-12-01 02:14:44.219626'),
(804708443, 'Resara', 30, 24, '', 0, , '2021-12-01 02:14:44.219626'),
(806920942, 'Cillers', 25, 18, 'Romulan', 0, , '2021-12-01 02:14:44.219626'),
(807157279, 'Bell\'eu', 55, 320, '', 1, , '2021-12-01 02:14:44.219626'),
(808177918, 'Bairbre', 54, 285, 'Federation', 1, , '2021-12-01 02:14:44.219626'),
(809451002, 'Ifrea-3', 32, 23, '', 0, , '2021-12-01 02:14:44.219626'),
(809766889, 'Constina', 26, 16, 'Romulan', 0, , '2021-12-01 02:14:44.219626'),
(811548683, 'Omana', 54, 285, '', 1, , '2021-12-01 02:14:44.219626'),
(813801255, 'Helvi Beta', 20, 20, '', 1, , '2021-12-01 02:14:44.219626'),
(814948003, 'Kor Ar\'Ka', 44, 100, 'Federation', 1, , '2021-12-01 02:14:44.219626'),
(818257505, 'Ferraria', 39, 51, 'Romulan', 0, , '2021-12-01 02:14:44.219626'),
(825963253, 'Sual', 8, 5, '', 0, , '2021-12-01 02:14:44.219626'),
(826167991, 'Khazara', 39, 40, 'Romulan', 0, , '2021-12-01 02:14:44.219626'),
(827398350, 'Suqigor', 9, 7, '', 0, , '2021-12-01 02:14:44.219626'),
(827622990, 'V\'varia', 21, 13, 'Romulan', 0, , '2021-12-01 02:14:44.219626'),
(829165184, 'Jorda', 49, 160, 'Romulan', 1, , '2021-12-01 02:14:44.219626'),
(830770182, 'Voss', 20, 13, 'Federation', 0, , '2021-12-01 02:14:44.219626'),
(833409321, 'Hauge', 54, 285, 'Romulan', 1, , '2021-12-01 02:14:44.219626'),
(834590587, 'Maht-H\'A', 44, 105, 'Klingon', 1, , '2021-12-01 02:14:44.219626'),
(835707420, 'Bildari', 44, 95, 'Romulan', 0, , '2021-12-01 02:14:44.219626'),
(836491336, 'Beta Sector', 50, 185, '', 1, , '2021-12-01 02:14:44.219626'),
(837224559, 'Kayla', 46, 120, '', 1, , '2021-12-01 02:14:44.219626'),
(837719583, 'Wretsky', 6, 5, '', 0, , '2021-12-01 02:14:44.219626'),
(840163883, 'Brellan Gamma', 40, 20, '', 1, , '2021-12-01 02:14:44.219626'),
(840804243, 'Lainey', 27, 19, 'Federation', 0, , '2021-12-01 02:14:44.219626'),
(841664901, 'Gurdy', 6, 5, '', 0, , '2021-12-01 02:14:44.219626'),
(846029245, 'Khitomer', 23, 17, 'Klingon', 0, , '2021-12-01 02:14:44.219626'),
(847108551, 'Sotavi', 41, 56, '', 1, , '2021-12-01 02:14:44.219626'),
(849541812, 'Azha', 20, 13, '', 0, , '2021-12-01 02:14:44.219626'),
(850545148, 'Mehg Torr', 41, 75, 'Klingon', 1, , '2021-12-01 02:14:44.219626'),
(858232932, 'Lloyd', 30, 26, 'Romulan', 0, , '2021-12-01 02:14:44.219626'),
(858267632, 'Ko\'Stok', 44, 105, 'Klingon', 1, , '2021-12-01 02:14:44.219626'),
(861313265, 'Barasa Gamma', 40, 20, '', 1, , '2021-12-01 02:14:44.219626'),
(861558882, 'Eldur Beta', 30, 20, '', 1, , '2021-12-01 02:14:44.219626'),
(876124086, 'Exchange Alpha', 29, 24, '', 0, , '2021-12-01 02:14:44.219626'),
(876333661, 'Adia Alpha', 20, 20, '', 1, , '2021-12-01 02:14:44.219626'),
(878300669, 'Corva Alpha', 40, 20, '', 1, , '2021-12-01 02:14:44.219626'),
(878500142, 'Sementi', 52, 230, 'Federation', 1, , '2021-12-01 02:14:44.219626'),
(884503884, 'Robesi', 8, 5, '', 0, , '2021-12-01 02:14:44.219626'),
(889393492, 'Solis Omega', 59, 500, 'Romulan', 1, , '2021-12-01 02:14:44.219626'),
(890410238, 'Singularity Apex', 41, 56, '', 1, , '2021-12-01 02:14:44.219626'),
(891139701, 'Jublu', 48, 160, '', 1, , '2021-12-01 02:14:44.219626'),
(892076127, 'Tazolka Alpha', 20, 20, '', 1, , '2021-12-01 02:14:44.219626'),
(892844237, 'Sufiday', 25, 18, 'Romulan', 0, , '2021-12-01 02:14:44.219626'),
(893618014, 'Ciara', 26, 18, 'Klingon', 0, , '2021-12-01 02:14:44.219626'),
(894967478, 'Parturi Beta', 20, 20, '', 1, , '2021-12-01 02:14:44.219626'),
(897954743, 'Zova Rhen', 25, 18, 'Romulan', 0, , '2021-12-01 02:14:44.219626'),
(900739434, 'Ok\'cet', 38, 52, '', 0, , '2021-12-01 02:14:44.219626'),
(902308741, 'Velata', 36, 50, '', 0, , '2021-12-01 02:14:44.219626'),
(903675622, 'Hutch', 53, 255, 'Federation', 1, , '2021-12-01 02:14:44.219626'),
(910353989, 'Skyedark', 18, 13, '', 0, , '2021-12-01 02:14:44.219626'),
(917793981, 'Hurgh\'maQ', 41, 65, 'Klingon', 1, , '2021-12-01 02:14:44.219626'),
(925140701, 'Goesting', 40, 65, 'Federation', 1, , '2021-12-01 02:14:44.219626'),
(930038909, 'Memory Alpha', 39, 47, 'Federation', 0, , '2021-12-01 02:14:44.219626'),
(930153285, 'Katonda', 6, 5, '', 0, , '2021-12-01 02:14:44.219626'),
(932520389, 'Amagi', 23, 20, '', 0, , '2021-12-01 02:14:44.219626'),
(935197920, 'Istyna', 6, 5, '', 0, , '2021-12-01 02:14:44.219626'),
(937598579, 'Hrojost Alpha', 30, 20, '', 1, , '2021-12-01 02:14:44.219626'),
(937831006, 'Kosz', 19, 13, '', 0, , '2021-12-01 02:14:44.219626'),
(945207354, 'Sentosa', 50, 185, '', 1, , '2021-12-01 02:14:44.219626'),
(945638280, 'Bimasa Beta', 30, 20, '', 1, , '2021-12-01 02:14:44.219626'),
(945933606, 'Corta Alpha', 31, 22, '', 0, , '2021-12-01 02:14:44.219626'),
(946558339, 'Alatum', 39, 48, 'Romulan', 0, , '2021-12-01 02:14:44.219626'),
(950912633, 'Nekosa', 38, 40, '', 0, , '2021-12-01 02:14:44.219626'),
(954632802, 'Aylus Alpha', 20, 20, '', 1, , '2021-12-01 02:14:44.219626'),
(955177926, 'Niawillen', 28, 22, '', 0, , '2021-12-01 02:14:44.219626'),
(957449368, 'Thosz Alpha', 20, 20, '', 1, , '2021-12-01 02:14:44.219626'),
(958423648, 'Lorillia', 18, 13, 'Federation', 0, , '2021-12-01 02:14:44.219626'),
(959318428, 'Amador', 19, 12, '', 0, , '2021-12-01 02:14:44.219626'),
(959781310, 'Ezani', 19, 15, '', 0, , '2021-12-01 02:14:44.219626'),
(962007912, 'Stilhe Beta', 20, 20, '', 1, , '2021-12-01 02:14:44.219626'),
(962542656, 'Brijac Alpha', 30, 20, '', 1, , '2021-12-01 02:14:44.219626'),
(962772086, 'Leebyrn', 46, 120, 'Federation', 1, , '2021-12-01 02:14:44.219626'),
(962772796, 'Bimasa Alpha', 30, 20, '', 1, , '2021-12-01 02:14:44.219626'),
(964152827, 'Tiwoqua', 38, 40, '', 0, , '2021-12-01 02:14:44.219626'),
(966644509, 'Llorrac', 21, 18, 'Romulan', 0, , '2021-12-01 02:14:44.219626'),
(968718350, 'New London', 53, 255, '', 1, , '2021-12-01 02:14:44.219626'),
(972447268, 'Gakora', 25, 25, '', 0, , '2021-12-01 02:14:44.219626'),
(975691590, 'Ias', 26, 19, 'Klingon', 0, , '2021-12-01 02:14:44.219626'),
(980439160, 'Farnham', 48, 160, '', 1, , '2021-12-01 02:14:44.219626'),
(985056315, 'Eady', 52, 230, '', 1, , '2021-12-01 02:14:44.219626'),
(987655809, 'Perim Beta', 20, 20, '', 1, , '2021-12-01 02:14:44.219626'),
(992032794, 'Avansa Alpha', 30, 20, '', 1, , '2021-12-01 02:14:44.219626'),
(999262121, 'New Vulcan', 42, 70, '', 1, , '2021-12-01 02:14:44.219626'),
(999778983, 'Remme', 50, 185, 'Romulan', 1, , '2021-12-01 02:14:44.219626'),
(1002287229, 'Zeta Gray', 33, 32, '', 0, , '2021-12-01 02:14:44.219626');
INSERT INTO `StfcSystems` (`SystemID`, `SystemName`, `SystemLevel`, `SystemWarpDist`, `SystemType`, `DarkSpace`, `LastUpdatedBy`, `LastUpdated`) VALUES
(1003010771, 'Balduk', 39, 50, 'Klingon', 0, , '2021-12-01 02:14:44.219626'),
(1004655100, 'Tefkari Beta', 20, 20, '', 1, , '2021-12-01 02:14:44.219626'),
(1008413774, 'Mila', 25, 20, '', 0, , '2021-12-01 02:14:44.219626'),
(1012246624, 'Vemet', 17, 13, '', 0, , '2021-12-01 02:14:44.219626'),
(1015331265, 'Yreva', 41, 70, '', 1, , '2021-12-01 02:14:44.219626'),
(1016428829, 'Tau Ceti', 34, 25, 'Federation', 0, , '2021-12-01 02:14:44.219626'),
(1017027784, 'Odin', 46, 130, '', 1, , '2021-12-01 02:14:44.219626'),
(1017582787, 'Midnight', 19, 12, '', 0, , '2021-12-01 02:14:44.219626'),
(1020112123, 'Framtid Beta', 20, 20, '', 1, , '2021-12-01 02:14:44.219626'),
(1021100971, 'LSP-539', 47, 135, '', 1, , '2021-12-01 02:14:44.219626'),
(1023784753, 'Mewudoh', 25, 19, 'Romulan', 0, , '2021-12-01 02:14:44.219626'),
(1024001541, 'Sozin', 46, 120, 'Federation', 1, , '2021-12-01 02:14:44.219626'),
(1025049269, 'Katovug', 39, 48, 'Klingon', 0, , '2021-12-01 02:14:44.219626'),
(1028615737, 'Corva Beta', 40, 20, '', 1, , '2021-12-01 02:14:44.219626'),
(1032390550, 'Lanaj', 37, 38, '', 0, , '2021-12-01 02:14:44.219626'),
(1034482712, 'Crios Alpha', 30, 20, '', 1, , '2021-12-01 02:14:44.219626'),
(1034506234, 'Ovala', 44, 110, '', 1, , '2021-12-01 02:14:44.219626'),
(1035361864, 'Kri', 44, 105, 'Federation', 1, , '2021-12-01 02:14:44.219626'),
(1036671379, 'Doska', 27, 19, 'Federation', 0, , '2021-12-01 02:14:44.219626'),
(1037683376, 'Iapedes', 36, 38, 'Romulan', 0, , '2021-12-01 02:14:44.219626'),
(1039274191, 'tugh\'lI wov', 52, 230, 'Klingon', 1, , '2021-12-01 02:14:44.219626'),
(1039958534, 'Saldeti Beta', 20, 20, '', 1, , '2021-12-01 02:14:44.219626'),
(1040185241, 'Maglynn', 8, 5, '', 0, , '2021-12-01 02:14:44.219626'),
(1042011878, 'Jera', 44, 95, 'Federation', 1, , '2021-12-01 02:14:44.219626'),
(1043487469, 'Sosain', 52, 285, '', 1, , '2021-12-01 02:14:44.219626'),
(1045590996, 'Tellar', 37, 47, 'Federation', 0, , '2021-12-01 02:14:44.219626'),
(1046260664, 'Exchange Beta', 30, 24, '', 0, , '2021-12-01 02:14:44.219626'),
(1057703933, 'Morska', 29, 20, 'Klingon', 0, , '2021-12-01 02:14:44.219626'),
(1058489736, 'Le\'Onor', 21, 18, 'Federation', 0, , '2021-12-01 02:14:44.219626'),
(1064639043, 'Bolari Alpha', 30, 20, '', 1, , '2021-12-01 02:14:44.219626'),
(1066263194, 'ST-9417', 45, 110, 'Federation', 1, , '2021-12-01 02:14:44.219626'),
(1066722677, 'Comst Beta', 20, 20, '', 1, , '2021-12-01 02:14:44.219626'),
(1068815531, 'Nasturta', 26, 18, 'Romulan', 0, , '2021-12-01 02:14:44.219626'),
(1068828546, 'Kiju', 39, 80, '', 0, , '2021-12-01 02:14:44.219626'),
(1070354804, 'Brijac Beta', 30, 20, '', 1, , '2021-12-01 02:14:44.219626'),
(1072435433, 'Leone', 27, 24, '', 0, , '2021-12-01 02:14:44.219626'),
(1072986698, 'Ardaji', 45, 120, 'Romulan', 1, , '2021-12-01 02:14:44.219626'),
(1075431916, 'Benes Gamma', 27, 18, '', 0, , '2021-12-01 02:14:44.219626'),
(1079232378, 'Demavar', 8, 5, '', 0, , '2021-12-01 02:14:44.219626'),
(1080694577, 'Terix', 38, 39, 'Romulan', 0, , '2021-12-01 02:14:44.219626'),
(1083010427, 'Lycrus', 52, 230, 'Klingon', 1, , '2021-12-01 02:14:44.219626'),
(1083794899, 'Obilent', 17, 12, '', 0, , '2021-12-01 02:14:44.219626'),
(1086852937, 'Soltor', 25, 25, '', 0, , '2021-12-01 02:14:44.219626'),
(1089138051, 'Aiti', 33, 26, 'Federation', 0, , '2021-12-01 02:14:44.219626'),
(1089341585, 'Esteria', 23, 20, '', 0, , '2021-12-01 02:14:44.219626'),
(1089659533, 'Lenara Beta', 20, 20, '', 1, , '2021-12-01 02:14:44.219626'),
(1090722450, 'Ka\'Bi', 17, 15, 'Klingon', 0, , '2021-12-01 02:14:44.219626'),
(1091871393, 'Pune', 16, 13, '', 0, , '2021-12-01 02:14:44.219626'),
(1096814337, 'Aramis', 52, 230, '', 1, , '2021-12-01 02:14:44.219626'),
(1097586444, 'Hobu', 46, 100, '', 0, , '2021-12-01 02:14:44.219626'),
(1098105042, 'Rylan', 50, 185, 'Federation', 1, , '2021-12-01 02:14:44.219626'),
(1101989561, 'Woxoxit', 22, 18, 'Klingon', 0, , '2021-12-01 02:14:44.219626'),
(1102480289, 'Kavka', 33, 25, '', 0, , '2021-12-01 02:14:44.219626'),
(1107520183, 'Laidcenn', 17, 12, '', 0, , '2021-12-01 02:14:44.219626'),
(1108935593, 'Er\'Tama', 45, 120, '', 1, , '2021-12-01 02:14:44.219626'),
(1109803107, 'Wuk\'Vek', 48, 160, 'Klingon', 1, , '2021-12-01 02:14:44.219626'),
(1112532473, 'Vemira Beta', 20, 20, '', 1, , '2021-12-01 02:14:44.219626'),
(1113049160, 'Zhang', 19, 13, '', 0, , '2021-12-01 02:14:44.219626'),
(1114669837, 'Ocus', 16, 12, '', 0, , '2021-12-01 02:14:44.219626'),
(1117089474, 'Gealan', 26, 19, '', 0, , '2021-12-01 02:14:44.219626'),
(1118904835, 'Ambit', 28, 24, '', 0, , '2021-12-01 02:14:44.219626'),
(1118960870, 'Araxian', 37, 75, '', 0, , '2021-12-01 02:14:44.219626'),
(1123110021, 'Saldeti Alpha', 20, 20, '', 1, , '2021-12-01 02:14:44.219626'),
(1123868099, 'Caerulum', 39, 46, 'Romulan', 0, , '2021-12-01 02:14:44.219626'),
(1127775915, 'Taleka', 6, 5, '', 0, , '2021-12-01 02:14:44.219626'),
(1128199135, 'Yina', 46, 120, 'Romulan', 1, , '2021-12-01 02:14:44.219626'),
(1130110336, 'Kaisu', 33, 26, 'Romulan', 0, , '2021-12-01 02:14:44.219626'),
(1130586274, 'Nikola', 41, 56, '', 1, , '2021-12-01 02:14:44.219626'),
(1131821012, 'Callicoat', 51, 205, '', 1, , '2021-12-01 02:14:44.219626'),
(1132113350, 'Enning', 38, 51, '', 0, , '2021-12-01 02:14:44.219626'),
(1133522720, 'Priya', 22, 13, 'Federation', 0, , '2021-12-01 02:14:44.219626'),
(1135473830, 'Deneva', 15, 11, '', 0, , '2021-12-01 02:14:44.219626'),
(1137978067, 'Klefaski Beta', 20, 20, '', 1, , '2021-12-01 02:14:44.219626'),
(1139709623, 'Ma\'vak', 59, 500, '', 1, , '2021-12-01 02:14:44.219626'),
(1141745487, 'HSP-G', 40, 64, '', 1, , '2021-12-01 02:14:44.219626'),
(1141805901, 'Hollin', 44, 27, '', 0, , '2021-12-01 02:14:44.219626'),
(1143199169, 'Ganalda', 39, 50, 'Klingon', 0, , '2021-12-01 02:14:44.219626'),
(1143281575, 'Tazolka Beta', 20, 20, '', 1, , '2021-12-01 02:14:44.219626'),
(1144934201, 'Triss Beta', 30, 20, '', 1, , '2021-12-01 02:14:44.219626'),
(1145122202, 'Littledove', 6, 5, '', 0, , '2021-12-01 02:14:44.219626'),
(1146804125, 'Lipig', 31, 22, 'Klingon', 0, , '2021-12-01 02:14:44.219626'),
(1147698260, 'Altamid', 17, 13, '', 0, , '2021-12-01 02:14:44.219626'),
(1149868078, 'Cortázar', 53, 255, 'Romulan', 1, , '2021-12-01 02:14:44.219626'),
(1151108682, 'Blys', 31, 25, '', 0, , '2021-12-01 02:14:44.219626'),
(1151509670, 'batlh\'lI juH', 55, 320, 'Klingon', 1, , '2021-12-01 02:14:44.219626'),
(1153115109, 'Rosenberg', 8, 5, '', 0, , '2021-12-01 02:14:44.219626'),
(1154653215, 'Ergantal', 8, 5, '', 0, , '2021-12-01 02:14:44.219626'),
(1154764176, 'Kaus Australis', 16, 13, '', 0, , '2021-12-01 02:14:44.219626'),
(1158665545, 'Corta Gamma', 33, 22, '', 0, , '2021-12-01 02:14:44.219626'),
(1161402493, 'Tezera Beta', 30, 20, '', 1, , '2021-12-01 02:14:44.219626'),
(1162578684, 'Tenzen-1029', 23, 20, '', 0, , '2021-12-01 02:14:44.219626'),
(1164058390, 'Shino', 38, 51, '', 0, , '2021-12-01 02:14:44.219626'),
(1168713500, 'Santesso', 54, 285, 'Klingon', 1, , '2021-12-01 02:14:44.219626'),
(1172806400, 'Helvetios', 18, 13, '', 0, , '2021-12-01 02:14:44.219626'),
(1173356160, 'Hro\'Lug', 40, 64, 'Klingon', 0, , '2021-12-01 02:14:44.219626'),
(1173652866, 'Eojur', 11, 7, '', 0, , '2021-12-01 02:14:44.219626'),
(1180879330, 'Alecto', 40, 33, '', 0, , '2021-12-01 02:14:44.219626'),
(1181581639, 'Feqiiep', 37, 40, '', 0, , '2021-12-01 02:14:44.219626'),
(1184282738, 'Aciben', 17, 13, '', 0, , '2021-12-01 02:14:44.219626'),
(1186716271, 'Romashki', 45, 110, '', 1, , '2021-12-01 02:14:44.219626'),
(1187168479, 'Burran Beta', 30, 20, '', 1, , '2021-12-01 02:14:44.219626'),
(1198962565, 'Tombstone', 28, 24, '', 0, , '2021-12-01 02:14:44.219626'),
(1203174739, 'Lycia', 14, 12, '', 0, , '2021-12-01 02:14:44.219626'),
(1206083632, 'Toh\'Kaht', 43, 75, 'Klingon', 1, , '2021-12-01 02:14:44.219626'),
(1214593821, 'Cynderin', 59, 500, '', 1, , '2021-12-01 02:14:44.219626'),
(1215480272, 'Lakeside', 39, 54, 'Federation', 0, , '2021-12-01 02:14:44.219626'),
(1217863325, 'Iusum', 37, 75, '', 0, , '2021-12-01 02:14:44.219626'),
(1217929357, 'Mitchum', 29, 24, '', 0, , '2021-12-01 02:14:44.219626'),
(1218057507, 'Gowok', 23, 18, 'Federation', 0, , '2021-12-01 02:14:44.219626'),
(1220997168, 'Asiti Beta', 20, 20, '', 1, , '2021-12-01 02:14:44.219626'),
(1225355489, 'Benif', 9, 7, '', 0, , '2021-12-01 02:14:44.219626'),
(1229602987, 'Xy\'tos', 56, 355, '', 1, , '2021-12-01 02:14:44.219626'),
(1235882575, 'Gamma Sedra', 50, 185, 'Federation', 1, , '2021-12-01 02:14:44.219626'),
(1237248535, 'Hoobishan Beta', 30, 20, '', 1, , '2021-12-01 02:14:44.219626'),
(1237695064, 'Cypha', 52, 230, 'Klingon', 1, , '2021-12-01 02:14:44.219626'),
(1239036932, 'tlhuHwI\'', 50, 185, 'Klingon', 1, , '2021-12-01 02:14:44.219626'),
(1241010127, 'Seevor', 28, 20, '', 0, , '2021-12-01 02:14:44.219626'),
(1241860543, 'Roda Gamma', 29, 22, '', 0, , '2021-12-01 02:14:44.219626'),
(1241882920, 'Nibiq', 38, 40, '', 0, , '2021-12-01 02:14:44.219626'),
(1244441919, 'Maclyyn', 22, 16, 'Klingon', 0, , '2021-12-01 02:14:44.219626'),
(1245655537, 'Loiat', 24, 19, 'Klingon', 0, , '2021-12-01 02:14:44.219626'),
(1247312085, 'Deneb', 38, 47, 'Federation', 0, , '2021-12-01 02:14:44.219626'),
(1263238316, 'Warren', 55, 320, 'Federation', 1, , '2021-12-01 02:14:44.219626'),
(1263278966, 'Jishui', 16, 13, '', 0, , '2021-12-01 02:14:44.219626'),
(1267482232, 'Salara', 23, 20, '', 0, , '2021-12-01 02:14:44.219626'),
(1268755552, 'Tholus Beta', 40, 20, '', 1, , '2021-12-01 02:14:44.219626'),
(1273201051, 'Tola Gamma', 17, 20, '', 1, , '2021-12-01 02:14:44.219626'),
(1277114803, 'Tiv\'El', 48, 150, 'Romulan', 1, , '2021-12-01 02:14:44.219626'),
(1278297069, 'Bolari Beta', 30, 20, '', 1, , '2021-12-01 02:14:44.219626'),
(1278353050, 'Ester', 50, 185, '', 1, , '2021-12-01 02:14:44.219626'),
(1281567070, 'Schouten-Adavi', 40, 120, '', 0, , '2021-12-01 02:14:44.219626'),
(1285619139, 'Benzar', 39, 53, 'Federation', 0, , '2021-12-01 02:14:44.219626'),
(1288104843, 'Uyik', 39, 80, '', 0, , '2021-12-01 02:14:44.219626'),
(1293550007, 'Aindia', 7, 5, '', 0, , '2021-12-01 02:14:44.219626'),
(1295669729, 'BeK', 21, 18, 'Klingon', 0, , '2021-12-01 02:14:44.219626'),
(1297181644, 'Oppidum Pulvis', 29, 24, '', 0, , '2021-12-01 02:14:44.219626'),
(1302179595, 'Perek', 24, 20, '', 0, , '2021-12-01 02:14:44.219626'),
(1306959898, 'Emola', 6, 5, '', 0, , '2021-12-01 02:14:44.219626'),
(1308299424, 'Tholus Gamma', 40, 20, '', 1, , '2021-12-01 02:14:44.219626'),
(1312983846, 'Exchange Central', 28, 24, '', 0, , '2021-12-01 02:14:44.219626'),
(1313909326, 'Avansa Beta', 30, 20, '', 1, , '2021-12-01 02:14:44.219626'),
(1314755693, 'Lyklaset', 52, 230, 'Romulan', 1, , '2021-12-01 02:14:44.219626'),
(1314776023, 'juH\'maqoch', 57, 400, 'Klingon', 1, , '2021-12-01 02:14:44.219626'),
(1316840322, 'Eizeb', 16, 13, '', 0, , '2021-12-01 02:14:44.219626'),
(1321546824, 'Adrisilver', 50, 185, 'Romulan', 1, , '2021-12-01 02:14:44.219626'),
(1323904862, 'Maumo', 47, 150, '', 1, , '2021-12-01 02:14:44.219626'),
(1324059029, 'Innlasn Alpha', 20, 20, '', 1, , '2021-12-01 02:14:44.219626'),
(1327645219, 'Lankal', 39, 40, 'Klingon', 0, , '2021-12-01 02:14:44.219626'),
(1332140800, 'Zadiaoo', 22, 18, 'Federation', 0, , '2021-12-01 02:14:44.219626'),
(1339989224, 'Clytomenes', 12, 7, '', 0, , '2021-12-01 02:14:44.219626'),
(1340261195, 'Amok\'tal', 32, 25, '', 0, , '2021-12-01 02:14:44.219626'),
(1341935964, 'Uuuuhai', 9, 7, '', 0, , '2021-12-01 02:14:44.219626'),
(1342058302, 'Vendus A', 27, 19, 'Romulan', 0, , '2021-12-01 02:14:44.219626'),
(1343179689, 'Metea', 24, 19, 'Federation', 0, , '2021-12-01 02:14:44.219626'),
(1343646662, 'Sigma Sector', 51, 205, '', 1, , '2021-12-01 02:14:44.219626'),
(1351383965, 'Antigone', 25, 25, '', 0, , '2021-12-01 02:14:44.219626'),
(1352509809, 'D\'Deridex', 38, 38, 'Romulan', 0, , '2021-12-01 02:14:44.219626'),
(1353263455, 'Raddan', 22, 16, '', 0, , '2021-12-01 02:14:44.219626'),
(1357784499, 'Todem', 18, 13, '', 0, , '2021-12-01 02:14:44.219626'),
(1358870345, 'Tholus Alpha', 40, 20, '', 1, , '2021-12-01 02:14:44.219626'),
(1358992189, 'Uikuv', 23, 18, 'Klingon', 0, , '2021-12-01 02:14:44.219626'),
(1359894210, 'New Calgary', 43, 75, 'Federation', 1, , '2021-12-01 02:14:44.219626'),
(1361156920, 'Vemira Alpha', 20, 20, '', 1, , '2021-12-01 02:14:44.219626'),
(1365268226, 'Genflint', 48, 160, '', 1, , '2021-12-01 02:14:44.219626'),
(1369594429, 'H\'Atoria', 30, 22, 'Klingon', 0, , '2021-12-01 02:14:44.219626'),
(1369709043, 'Balrosh', 29, 22, '', 0, , '2021-12-01 02:14:44.219626'),
(1376266505, 'Kroci', 6, 5, '', 0, , '2021-12-01 02:14:44.219626'),
(1378207701, 'Annalu', 47, 120, 'Klingon', 1, , '2021-12-01 02:14:44.219626'),
(1379808121, 'Earorfilad', 24, 17, 'Federation', 0, , '2021-12-01 02:14:44.219626'),
(1382233658, 'Kolava Alpha', 20, 20, '', 1, , '2021-12-01 02:14:44.219626'),
(1382498675, 'Groombridge 34', 40, 40, 'Federation', 0, , '2021-12-01 02:14:44.219626'),
(1382564927, 'Protari', 25, 25, '', 0, , '2021-12-01 02:14:44.219626'),
(1383541989, 'Saetel', 46, 120, 'Romulan', 0, , '2021-12-01 02:14:44.219626'),
(1385663190, 'Dalukerinborva', 18, 13, '', 0, , '2021-12-01 02:14:44.219626'),
(1386731211, 'Klos', 48, 160, '', 1, , '2021-12-01 02:14:44.219626'),
(1389910171, 'Posel', 23, 18, 'Romulan', 0, , '2021-12-01 02:14:44.219626'),
(1392082248, 'Tovla', 40, 56, '', 1, , '2021-12-01 02:14:44.219626'),
(1396202980, 'Dauouuy', 22, 18, 'Romulan', 0, , '2021-12-01 02:14:44.219626'),
(1397246918, 'Quv\'lw', 36, 37, 'Klingon', 0, , '2021-12-01 02:14:44.219626'),
(1398924461, 'Ver\'saaj', 52, 230, 'Federation', 1, , '2021-12-01 02:14:44.219626'),
(1399559858, 'Ferrer', 33, 25, '', 0, , '2021-12-01 02:14:44.219626'),
(1401344248, 'Temeri Alpha', 20, 20, '', 1, , '2021-12-01 02:14:44.219626'),
(1413597356, 'Foaiveb', 23, 18, 'Federation', 0, , '2021-12-01 02:14:44.219626'),
(1416011212, 'Vendor', 34, 32, 'Romulan', 0, , '2021-12-01 02:14:44.219626'),
(1416025036, 'Vacuum Epicenter', 53, 205, '', 1, , '2021-12-01 02:14:44.219626'),
(1417222872, 'Qualor', 25, 17, '', 0, , '2021-12-01 02:14:44.219626'),
(1417809072, 'Kuvrak', 38, 52, '', 0, , '2021-12-01 02:14:44.219626'),
(1417862936, 'Peckinpah', 34, 24, '', 0, , '2021-12-01 02:14:44.219626'),
(1422239031, 'Yesop', 9, 7, '', 0, , '2021-12-01 02:14:44.219626'),
(1422258500, 'Andvaris', 15, 13, '', 0, , '2021-12-01 02:14:44.219626'),
(1423631328, 'Haakona', 39, 54, 'Romulan', 0, , '2021-12-01 02:14:44.219626'),
(1427204258, 'Helvi Alpha', 20, 20, '', 1, , '2021-12-01 02:14:44.219626'),
(1427881630, 'Pktha', 38, 52, '', 0, , '2021-12-01 02:14:44.219626'),
(1435801782, 'Lahrel', 24, 22, '', 0, , '2021-12-01 02:14:44.219626'),
(1436783271, 'Duvlock', 8, 5, '', 0, , '2021-12-01 02:14:44.219626'),
(1437152822, 'Mara Eya', 6, 5, '', 0, , '2021-12-01 02:14:44.219626'),
(1440359822, 'Tej\'Lukk', 50, 185, 'Klingon', 1, , '2021-12-01 02:14:44.219626'),
(1444151784, 'Kus\'Rok', 28, 24, 'Klingon', 0, , '2021-12-01 02:14:44.219626'),
(1449082944, 'Orda-877', 34, 23, '', 0, , '2021-12-01 02:14:44.219626'),
(1451697388, 'Erendari', 50, 105, '', 1, , '2021-12-01 02:14:44.219626'),
(1462287177, 'Labac', 17, 12, '', 0, , '2021-12-01 02:14:44.219626'),
(1462401943, 'Gelida Beta', 20, 20, '', 1, , '2021-12-01 02:14:44.219626'),
(1465141102, 'Dessica', 39, 39, 'Romulan', 0, , '2021-12-01 02:14:44.219626'),
(1465880298, 'Kyanta', 57, 400, '', 1, , '2021-12-01 02:14:44.219626'),
(1466324689, 'Asiti Alpha', 20, 20, '', 1, , '2021-12-01 02:14:44.219626'),
(1469826967, 'Voda', 46, 120, 'Federation', 1, , '2021-12-01 02:14:44.219626'),
(1470734979, 'Shan Mhna\'Tir', 44, 95, 'Klingon', 1, , '2021-12-01 02:14:44.219626'),
(1476675021, 'Mada', 21, 18, 'Romulan', 0, , '2021-12-01 02:14:44.219626'),
(1478413915, 'Omtose', 16, 13, '', 0, , '2021-12-01 02:14:44.219626'),
(1490400924, 'Emie', 30, 26, 'Klingon', 0, , '2021-12-01 02:14:44.219626'),
(1490524304, 'Xices', 38, 51, '', 0, , '2021-12-01 02:14:44.219626'),
(1490914183, 'Astrida', 14, 12, '', 0, , '2021-12-01 02:14:44.219626'),
(1492384957, 'van Vlerken', 50, 185, 'Romulan', 1, , '2021-12-01 02:14:44.219626'),
(1494550660, 'Rakkaus', 16, 12, '', 0, , '2021-12-01 02:14:44.219626'),
(1498130916, 'Vellamo', 30, 21, '', 0, , '2021-12-01 02:14:44.219626'),
(1498683722, 'Sol', 60, 40, 'Federation', 0, , '2021-12-01 02:14:44.219626'),
(1498922199, 'Erzon\'Uk', 46, 120, 'Klingon', 1, , '2021-12-01 02:14:44.219626'),
(1499198978, 'Miers', 49, 160, 'Federation', 1, , '2021-12-01 02:14:44.219626'),
(1503884591, 'Vahok', 39, 80, '', 0, , '2021-12-01 02:14:44.219626'),
(1505582693, 'Cosa', 6, 5, '', 0, , '2021-12-01 02:14:44.219626'),
(1506334322, 'Roshar Alpha', 30, 20, '', 1, , '2021-12-01 02:14:44.219626'),
(1506690244, 'S\'Vona', 41, 70, '', 1, , '2021-12-01 02:14:44.219626'),
(1508317945, 'New Berlin', 42, 70, '', 1, , '2021-12-01 02:14:44.219626'),
(1511218665, 'Losti', 28, 19, 'Federation', 0, , '2021-12-01 02:14:44.219626'),
(1515339388, 'Alta', 25, 18, '', 0, , '2021-12-01 02:14:44.219626'),
(1515767897, 'Stagnimea', 38, 45, 'Romulan', 0, , '2021-12-01 02:14:44.219626'),
(1517913779, 'Duriana', 28, 7, '', 0, , '2021-12-01 02:14:44.219626'),
(1532693080, 'Hilo', 46, 120, '', 1, , '2021-12-01 02:14:44.219626'),
(1534156106, 'Xabek', 9, 7, '', 0, , '2021-12-01 02:14:44.219626'),
(1541757710, 'Penumbra', 40, 24, '', 0, , '2021-12-01 02:14:44.219626'),
(1543362389, 'Beta Paldorios', 35, 33, 'Romulan', 0, , '2021-12-01 02:14:44.219626'),
(1544167937, 'Kreteo', 52, 230, 'Federation', 1, , '2021-12-01 02:14:44.219626'),
(1547825221, 'Mapic', 25, 19, 'Federation', 0, , '2021-12-01 02:14:44.219626'),
(1549883102, 'Fyrsta', 32, 23, '', 0, , '2021-12-01 02:14:44.219626'),
(1556190441, 'Jeuaiei', 25, 19, 'Romulan', 0, , '2021-12-01 02:14:44.219626'),
(1559195274, 'Rua', 8, 5, '', 0, , '2021-12-01 02:14:44.219626'),
(1559744355, 'Ok\'Vak', 32, 31, 'Klingon', 0, , '2021-12-01 02:14:44.219626'),
(1560703707, 'Ezla Beta', 20, 20, '', 1, , '2021-12-01 02:14:44.219626'),
(1564915301, 'Timore', 39, 49, 'Romulan', 0, , '2021-12-01 02:14:44.219626'),
(1565041369, 'Rua Ri', 42, 75, 'Federation', 1, , '2021-12-01 02:14:44.219626'),
(1565175006, 'Tolain', 40, 65, 'Romulan', 1, , '2021-12-01 02:14:44.219626'),
(1566236961, 'Izth', 26, 19, 'Klingon', 0, , '2021-12-01 02:14:44.219626'),
(1569696189, 'Sentaros', 38, 50, '', 0, , '2021-12-01 02:14:44.219626'),
(1571296611, 'Nyrheimur Alpha', 40, 20, '', 1, , '2021-12-01 02:14:44.219626'),
(1571932061, 'Santuz', 50, 185, '', 0, , '2021-12-01 02:14:44.219626'),
(1572939488, 'Merius', 53, 255, '', 1, , '2021-12-01 02:14:44.219626'),
(1575456588, 'Lu\'Kash', 46, 120, 'Klingon', 1, , '2021-12-01 02:14:44.219626'),
(1578101094, 'Devrom', 39, 40, 'Romulan', 0, , '2021-12-01 02:14:44.219626'),
(1583964158, 'Stilhe Alpha', 20, 20, '', 1, , '2021-12-01 02:14:44.219626'),
(1584275272, 'Unarri', 48, 160, '', 1, , '2021-12-01 02:14:44.219626'),
(1589741937, 'B\'Oh', 42, 70, 'Klingon', 1, , '2021-12-01 02:14:44.219626'),
(1591474708, 'Kaus Media', 17, 13, '', 0, , '2021-12-01 02:14:44.219626'),
(1592824999, 'Doka', 40, 27, '', 0, , '2021-12-01 02:14:44.219626'),
(1593045297, 'Qeyma Alpha', 20, 20, '', 1, , '2021-12-01 02:14:44.219626'),
(1593338589, 'Burran Alpha', 30, 20, '', 1, , '2021-12-01 02:14:44.219626'),
(1595652073, 'Olaria', 30, 29, '', 0, , '2021-12-01 02:14:44.219626'),
(1598300560, 'Beku Beta', 20, 20, '', 1, , '2021-12-01 02:14:44.219626'),
(1601075051, 'Vurox', 38, 48, '', 0, , '2021-12-01 02:14:44.219626'),
(1601095427, 'Petandria', 48, 160, '', 1, , '2021-12-01 02:14:44.219626'),
(1605246968, 'Redmond', 28, 22, '', 0, , '2021-12-01 02:14:44.219626'),
(1608653621, 'Minnea', 8, 5, '', 0, , '2021-12-01 02:14:44.219626'),
(1613927324, 'Caldik', 16, 13, '', 0, , '2021-12-01 02:14:44.219626'),
(1614747268, 'Boru', 7, 5, '', 0, , '2021-12-01 02:14:44.219626'),
(1617490775, 'S\'mtharz', 25, 18, 'Federation', 0, , '2021-12-01 02:14:44.219626'),
(1625240791, 'Huik', 41, 85, '', 0, , '2021-12-01 02:14:44.219626'),
(1627731292, 'Ertalwu', 47, 120, 'Federation', 1, , '2021-12-01 02:14:44.219626'),
(1634013155, 'Robeton', 31, 26, 'Romulan', 0, , '2021-12-01 02:14:44.219626'),
(1635091362, 'Ander', 53, 255, '', 1, , '2021-12-01 02:14:44.219626'),
(1640104968, 'Zed Alpha', 31, 22, '', 0, , '2021-12-01 02:14:44.219626'),
(1646316380, 'Aylus Beta', 20, 20, '', 1, , '2021-12-01 02:14:44.219626'),
(1647623234, 'Ione', 17, 12, '', 0, , '2021-12-01 02:14:44.219626'),
(1649853747, 'Tandorian', 31, 26, 'Romulan', 0, , '2021-12-01 02:14:44.219626'),
(1650023763, 'Whitehead', 40, 70, '', 1, , '2021-12-01 02:14:44.219626'),
(1650736433, 'Krlakh', 28, 20, '', 0, , '2021-12-01 02:14:44.219626'),
(1653126076, 'Alpha Centauri', 39, 47, 'Federation', 0, , '2021-12-01 02:14:44.219626'),
(1653674927, 'Uklor', 44, 95, 'Klingon', 0, , '2021-12-01 02:14:44.219626'),
(1654231988, 'Tova', 8, 5, '', 0, , '2021-12-01 02:14:44.219626'),
(1656476637, 'Alpha Horunia', 26, 22, '', 0, , '2021-12-01 02:14:44.219626'),
(1656638301, 'Panak', 27, 22, '', 0, , '2021-12-01 02:14:44.219626'),
(1656845244, 'Netron Omega', 23, 20, '', 0, , '2021-12-01 02:14:44.219626'),
(1658706096, 'Kalalisko', 56, 355, 'Romulan', 1, , '2021-12-01 02:14:44.219626'),
(1658720101, 'Murasaki 312', 10, 6, '', 0, , '2021-12-01 02:14:44.219626'),
(1660252571, 'Laynso', 45, 100, '', 1, , '2021-12-01 02:14:44.219626'),
(1660792724, 'Godui', 23, 18, 'Klingon', 0, , '2021-12-01 02:14:44.219626'),
(1661476082, 'Halkor', 25, 25, '', 0, , '2021-12-01 02:14:44.219626'),
(1661683936, 'Talmir-86', 26, 22, '', 0, , '2021-12-01 02:14:44.219626'),
(1666924692, 'D0D-G', 28, 24, '', 0, , '2021-12-01 02:14:44.219626'),
(1675983977, 'Eagutim', 25, 19, 'Federation', 0, , '2021-12-01 02:14:44.219626'),
(1679021392, 'Solis Alpha', 59, 500, '', 1, , '2021-12-01 02:14:44.219626'),
(1680347590, 'Lydan', 22, 16, '', 0, , '2021-12-01 02:14:44.219626'),
(1680845187, 'Terminimurus', 39, 40, 'Romulan', 0, , '2021-12-01 02:14:44.219626'),
(1683936460, 'X5-TKV', 46, 130, '', 1, , '2021-12-01 02:14:44.219626'),
(1684303590, 'Isa\'day', 57, 400, '', 1, , '2021-12-01 02:14:44.219626'),
(1684487587, 'Yuma', 32, 24, '', 0, , '2021-12-01 02:14:44.219626'),
(1684703843, 'Sirius', 36, 38, 'Federation', 0, , '2021-12-01 02:14:44.219626'),
(1686192057, 'Ty\'Rall', 39, 56, 'Klingon', 0, , '2021-12-01 02:14:44.219626'),
(1690746163, 'Eeli', 33, 27, 'Klingon', 0, , '2021-12-01 02:14:44.219626'),
(1691252927, 'K’amia', 24, 17, 'Klingon', 0, , '2021-12-01 02:14:44.219626'),
(1691629445, 'Talora', 48, 160, '', 1, , '2021-12-01 02:14:44.219626'),
(1691770428, 'Ajilon', 25, 17, '', 0, , '2021-12-01 02:14:44.219626'),
(1694524999, 'Elequa', 30, 26, 'Klingon', 0, , '2021-12-01 02:14:44.219626'),
(1695798898, 'Nyrheimur Gamma', 40, 20, '', 1, , '2021-12-01 02:14:44.219626'),
(1702244411, 'Holles', 43, 75, 'Federation', 1, , '2021-12-01 02:14:44.219626'),
(1706447579, 'Beine', 50, 185, 'Federation', 1, , '2021-12-01 02:14:44.219626'),
(1709942779, 'Veias', 9, 7, '', 0, , '2021-12-01 02:14:44.219626'),
(1710131408, 'Muhg', 48, 150, 'Klingon', 1, , '2021-12-01 02:14:44.219626'),
(1710685740, 'Gemet', 25, 18, 'Federation', 0, , '2021-12-01 02:14:44.219626'),
(1714335968, 'Etalon', 32, 24, '', 0, , '2021-12-01 02:14:44.219626'),
(1718038036, 'Fastolf', 21, 15, '', 0, , '2021-12-01 02:14:44.219626'),
(1726465367, 'Oltomon', 17, 13, '', 0, , '2021-12-01 02:14:44.219626'),
(1731519518, 'Vosak', 24, 19, 'Klingon', 0, , '2021-12-01 02:14:44.219626'),
(1735899624, 'Francihk', 20, 13, 'Klingon', 0, , '2021-12-01 02:14:44.219626'),
(1737987104, 'Triss Alpha', 30, 20, '', 1, , '2021-12-01 02:14:44.219626'),
(1740429538, 'Kibuka', 6, 5, '', 0, , '2021-12-01 02:14:44.219626'),
(1742913141, 'Napiar ⇺', 42, 27, '', 0, , '2021-12-01 02:14:44.219626'),
(1744652289, 'Maranga', 25, 18, '', 0, , '2021-12-01 02:14:44.219626'),
(1745143614, 'Dhi\'ban', 14, 11, '', 0, , '2021-12-01 02:14:44.219626'),
(1747522756, 'Almango', 43, 75, 'Federation', 1, , '2021-12-01 02:14:44.219626'),
(1747858074, 'Nabok', 22, 17, 'Romulan', 0, , '2021-12-01 02:14:44.219626'),
(1748542290, 'Nott', 17, 20, '', 0, , '2021-12-01 02:14:44.219626'),
(1750736123, 'Vemmi', 25, 20, '', 0, , '2021-12-01 02:14:44.219626'),
(1753923484, 'Talvath', 43, 75, 'Romulan', 1, , '2021-12-01 02:14:44.219626'),
(1756718205, 'Tullias', 31, 26, 'Klingon', 0, , '2021-12-01 02:14:44.219626'),
(1758632971, 'Brellan Alpha', 40, 20, '', 1, , '2021-12-01 02:14:44.219626'),
(1758678837, 'Owlbuth ⇺', 43, 27, '', 0, , '2021-12-01 02:14:44.219626'),
(1759717590, 'Jonauer', 22, 18, 'Klingon', 0, , '2021-12-01 02:14:44.219626'),
(1759962100, 'Innlasn Beta', 20, 20, '', 1, , '2021-12-01 02:14:44.219626'),
(1761673303, 'Kronos', 60, 38, 'Klingon', 0, , '2021-12-01 02:14:44.219626'),
(1764565079, 'Necrocormeum', 54, 285, 'Romulan', 1, , '2021-12-01 02:14:44.219626'),
(1765841654, 'Fibona', 39, 56, 'Federation', 0, , '2021-12-01 02:14:44.219626'),
(1768514184, 'Iekifog', 37, 40, '', 0, , '2021-12-01 02:14:44.219626'),
(1768926542, 'Ber\'Tho Beta', 20, 20, '', 1, , '2021-12-01 02:14:44.219626'),
(1769159877, 'Tigan Beta', 20, 20, '', 1, , '2021-12-01 02:14:44.219626'),
(1769281385, 'Het\'Tenz\'A', 45, 110, 'Klingon', 1, , '2021-12-01 02:14:44.219626'),
(1775451055, 'Tera Lara', 24, 7, '', 0, , '2021-12-01 02:14:44.219626'),
(1776162881, 'Sae', 28, 25, '', 0, , '2021-12-01 02:14:44.219626'),
(1777892009, 'Zosam', 40, 64, 'Federation', 1, , '2021-12-01 02:14:44.219626'),
(1778259122, 'Nujord Beta', 20, 20, '', 1, , '2021-12-01 02:14:44.219626'),
(1779012470, 'Burke', 39, 52, 'Klingon', 0, , '2021-12-01 02:14:44.219626'),
(1780286771, 'Yadow', 25, 18, 'Klingon', 0, , '2021-12-01 02:14:44.219626'),
(1781274189, 'Cada-X', 28, 25, '', 0, , '2021-12-01 02:14:44.219626'),
(1782058055, 'Mak\'ala Gamma', 40, 20, '', 1, , '2021-12-01 02:14:44.219626'),
(1782159884, 'Inisfal', 58, 440, '', 1, , '2021-12-01 02:14:44.219626'),
(1786096059, 'Ceguh', 9, 7, '', 0, , '2021-12-01 02:14:44.219626'),
(1786356911, 'Omadi', 52, 230, 'Romulan', 1, , '2021-12-01 02:14:44.219626'),
(1786976742, 'Mesadin', 6, 5, '', 0, , '2021-12-01 02:14:44.219626'),
(1790049115, 'Vindemiatrix', 15, 11, '', 0, , '2021-12-01 02:14:44.219626'),
(1790682461, 'B\'Moth', 39, 50, 'Klingon', 0, , '2021-12-01 02:14:44.219626'),
(1790893897, 'Mordus', 20, 20, '', 0, , '2021-12-01 02:14:44.219626'),
(1791133099, 'Bubeau', 18, 13, '', 0, , '2021-12-01 02:14:44.219626'),
(1792068830, 'Moston', 8, 5, '', 0, , '2021-12-01 02:14:44.219626'),
(1795040494, 'Enten', 45, 120, 'Federation', 1, , '2021-12-01 02:14:44.219626'),
(1795645877, 'Inaara', 43, 75, 'Romulan', 1, , '2021-12-01 02:14:44.219626'),
(1803857747, 'Duportas Alpha', 30, 20, '', 1, , '2021-12-01 02:14:44.219626'),
(1804848892, 'Neethia', 30, 25, '', 0, , '2021-12-01 02:14:44.219626'),
(1807530157, 'Rek\'Sgar', 49, 185, '', 1, , '2021-12-01 02:14:44.219626'),
(1811606244, 'Cha\'Takla', 46, 120, 'Klingon', 0, , '2021-12-01 02:14:44.219626'),
(1813666945, 'Elzbar', 38, 48, '', 0, , '2021-12-01 02:14:44.219626'),
(1814920219, 'Altor', 25, 25, '', 0, , '2021-12-01 02:14:44.219626'),
(1816253414, 'Zlim\'kach', 40, 65, 'Klingon', 1, , '2021-12-01 02:14:44.219626'),
(1819436074, 'Aralen', 50, 185, 'Romulan', 1, , '2021-12-01 02:14:44.219626'),
(1820074552, 'Hann', 26, 18, 'Federation', 0, , '2021-12-01 02:14:44.219626'),
(1820190208, 'Weima', 49, 185, '', 1, , '2021-12-01 02:14:44.219626'),
(1826284918, 'Ophiuchi', 39, 45, '', 0, , '2021-12-01 02:14:44.219626'),
(1832830529, 'Anzat Alpha', 30, 20, '', 1, , '2021-12-01 02:14:44.219626'),
(1834120811, 'Iota Pavonis', 39, 54, 'Romulan', 0, , '2021-12-01 02:14:44.219626'),
(1835140406, 'H’ganrem', 18, 12, '', 0, , '2021-12-01 02:14:44.219626'),
(1842911980, 'Cor Caroli', 39, 45, 'Federation', 0, , '2021-12-01 02:14:44.219626'),
(1843916254, 'Harrizon', 44, 110, '', 1, , '2021-12-01 02:14:44.219626'),
(1844514955, 'Ballion', 46, 120, 'Romulan', 1, , '2021-12-01 02:14:44.219626'),
(1847701194, 'Boniv', 8, 5, '', 0, , '2021-12-01 02:14:44.219626'),
(1848641165, 'Orai-12', 36, 50, '', 0, , '2021-12-01 02:14:44.219626'),
(1849580524, 'Mak\'ala Alpha', 40, 20, '', 1, , '2021-12-01 02:14:44.219626'),
(1850602604, 'Inocula', 43, 75, 'Klingon', 1, , '2021-12-01 02:14:44.219626'),
(1850739058, 'Barasa Beta', 40, 20, '', 1, , '2021-12-01 02:14:44.219626'),
(1854874708, 'Kepler-018', 20, 13, '', 0, , '2021-12-01 02:14:44.219626'),
(1855008555, 'Kaikara', 18, 13, 'Romulan', 0, , '2021-12-01 02:14:44.219626'),
(1857228856, 'Kre\'Tak', 38, 52, '', 0, , '2021-12-01 02:14:44.219626'),
(1862365964, 'Baryn', 21, 18, 'Klingon', 0, , '2021-12-01 02:14:44.219626'),
(1870344143, 'Nalla', 49, 160, 'Klingon', 1, , '2021-12-01 02:14:44.219626'),
(1877989642, 'Skarrl', 28, 20, '', 0, , '2021-12-01 02:14:44.219626'),
(1879250507, 'Klefaski Alpha', 20, 20, '', 1, , '2021-12-01 02:14:44.219626'),
(1881017308, 'Bazamex', 24, 19, 'Federation', 0, , '2021-12-01 02:14:44.219626'),
(1883651089, 'Alycen', 44, 105, 'Romulan', 1, , '2021-12-01 02:14:44.219626'),
(1886094968, 'Samson', 54, 285, '', 1, , '2021-12-01 02:14:44.219626'),
(1886805233, 'Belak', 39, 51, 'Romulan', 0, , '2021-12-01 02:14:44.219626'),
(1887075428, 'Kuas-12', 52, 230, '', 1, , '2021-12-01 02:14:44.219626'),
(1889839786, 'Asronal', 44, 85, '', 1, , '2021-12-01 02:14:44.219626'),
(1891192557, 'Ch\'Kmulk', 47, 135, 'Klingon', 1, , '2021-12-01 02:14:44.219626'),
(1892593893, 'Somraw', 44, 95, 'Klingon', 1, , '2021-12-01 02:14:44.219626'),
(1893283135, 'Ber\'Tho Alpha', 30, 20, '', 1, , '2021-12-01 02:14:44.219626'),
(1893789079, 'Avofall', 48, 150, 'Federation', 1, , '2021-12-01 02:14:44.219626'),
(1894738756, 'Exchange Delta', 34, 24, '', 0, , '2021-12-01 02:14:44.219626'),
(1900858811, 'Truai', 25, 25, '', 0, , '2021-12-01 02:14:44.219626'),
(1901028317, 'Lyon', 6, 5, '', 0, , '2021-12-01 02:14:44.219626'),
(1903711022, 'Draumen', 50, 185, 'Federation', 1, , '2021-12-01 02:14:44.219626'),
(1905676971, 'Fiadh', 6, 5, '', 0, , '2021-12-01 02:14:44.219626'),
(1910889934, 'Nilkino', 10, 7, '', 0, , '2021-12-01 02:14:44.219626'),
(1911521293, 'Wasat', 19, 13, '', 0, , '2021-12-01 02:14:44.219626'),
(1913932603, 'Garadius', 39, 56, 'Romulan', 0, , '2021-12-01 02:14:44.219626'),
(1916359164, 'Corvidae', 42, 75, 'Romulan', 1, , '2021-12-01 02:14:44.219626'),
(1918573545, 'Parka', 30, 26, 'Romulan', 0, , '2021-12-01 02:14:44.219626'),
(1919287009, 'Neo\'Tek', 48, 160, '', 1, , '2021-12-01 02:14:44.219626'),
(1919551925, 'The Principium', 27, 24, '', 0, , '2021-12-01 02:14:44.219626'),
(1919858549, 'Castor', 25, 25, '', 0, , '2021-12-01 02:14:44.219626'),
(1922272828, 'Azati', 34, 27, '', 0, , '2021-12-01 02:14:44.219626'),
(1922414485, 'Madra', 16, 12, '', 0, , '2021-12-01 02:14:44.219626'),
(1922741983, 'Antrexi', 40, 120, '', 0, , '2021-12-01 02:14:44.219626'),
(1924813864, 'Paradane', 27, 21, '', 0, , '2021-12-01 02:14:44.219626'),
(1925134276, 'Mira', 24, 20, '', 0, , '2021-12-01 02:14:44.219626'),
(1926261734, 'Pekka', 33, 26, 'Klingon', 0, , '2021-12-01 02:14:44.219626'),
(1927134568, 'Nequencia', 38, 30, 'Romulan', 0, , '2021-12-01 02:14:44.219626'),
(1927260860, 'Gradientes', 30, 24, 'Romulan', 0, , '2021-12-01 02:14:44.219626'),
(1929216415, 'Fulriit', 29, 22, '', 0, , '2021-12-01 02:14:44.219626'),
(1930126884, 'Lixar', 35, 28, 'Klingon', 0, , '2021-12-01 02:14:44.219626'),
(1930564350, 'Alea', 45, 120, 'Federation', 1, , '2021-12-01 02:14:44.219626'),
(1933621140, 'YoDSutlj NaQ', 39, 53, 'Klingon', 0, , '2021-12-01 02:14:44.219626'),
(1935003290, 'Quo\'Kor', 31, 26, 'Klingon', 0, , '2021-12-01 02:14:44.219626'),
(1938653284, 'Tezera Alpha', 30, 20, '', 1, , '2021-12-01 02:14:44.219626'),
(1939261289, 'Ariadexa', 52, 230, 'Klingon', 1, , '2021-12-01 02:14:44.219626'),
(1943549517, 'Nujord Alpha', 20, 20, '', 1, , '2021-12-01 02:14:44.219626'),
(1946008741, 'Yifarux ⇺', 35, 27, '', 0, , '2021-12-01 02:14:44.219626'),
(1948120198, 'Xiyia', 9, 7, '', 0, , '2021-12-01 02:14:44.219626'),
(1949743242, 'Yarega', 47, 135, 'Federation', 1, , '2021-12-01 02:14:44.219626'),
(1950701051, 'Corta Beta', 32, 22, '', 0, , '2021-12-01 02:14:44.219626'),
(1951057725, 'Santheis', 59, 500, 'Federation', 1, , '2021-12-01 02:14:44.219626'),
(1951906034, 'Tyra', 55, 320, 'Federation', 1, , '2021-12-01 02:14:44.219626'),
(1954730883, 'Xipox', 9, 7, '', 0, , '2021-12-01 02:14:44.219626'),
(1959939005, 'Corsen', 49, 185, '', 1, , '2021-12-01 02:14:44.219626'),
(1972399665, 'Dis', 28, 25, '', 0, , '2021-12-01 02:14:44.219626'),
(1972759016, 'Kraatu', 36, 50, '', 0, , '2021-12-01 02:14:44.219626'),
(1976031045, 'Eayou', 38, 51, '', 0, , '2021-12-01 02:14:44.219626'),
(1978242855, 'Ber\'thir ⇺', 50, 30, '', 0, , '2021-12-01 02:14:44.219626'),
(1978471375, 'Karppinen', 36, 24, '', 0, , '2021-12-01 02:14:44.219626'),
(1979255644, 'Farana', 50, 105, '', 1, , '2021-12-01 02:14:44.219626'),
(1980030252, 'Zehoro', 11, 7, '', 0, , '2021-12-01 02:14:44.219626'),
(1981891423, 'Mak\'ala Beta', 40, 20, '', 1, , '2021-12-01 02:14:44.219626'),
(1984126753, 'Enthra', 27, 19, 'Klingon', 0, , '2021-12-01 02:14:44.219626'),
(1985063193, 'Qu\'Vat', 38, 48, 'Klingon', 0, , '2021-12-01 02:14:44.219626'),
(1985294709, 'Sauchei', 55, 320, '', 1, , '2021-12-01 02:14:44.219626'),
(1991745839, 'Fellebia', 38, 48, 'Federation', 0, , '2021-12-01 02:14:44.219626'),
(1993626769, 'Rixos', 45, 120, 'Klingon', 1, , '2021-12-01 02:14:44.219626'),
(2003099760, 'Elya', 27, 20, '', 0, , '2021-12-01 02:14:44.219626'),
(2004051473, 'Velnor', 42, 70, 'Romulan', 0, , '2021-12-01 02:14:44.219626'),
(2005977996, 'Yutuq', 37, 38, '', 0, , '2021-12-01 02:14:44.219626'),
(2009845344, 'Rydania', 59, 500, '', 1, , '2021-12-01 02:14:44.219626'),
(2012746431, 'Doloran', 30, 26, 'Federation', 0, , '2021-12-01 02:14:44.219626'),
(2015624080, 'Brellan Beta', 40, 20, '', 1, , '2021-12-01 02:14:44.219626'),
(2020581424, 'Gya\'han', 39, 40, 'Klingon', 0, , '2021-12-01 02:14:44.219626'),
(2020812728, 'Wlb\'puq', 38, 40, 'Klingon', 0, , '2021-12-01 02:14:44.219626'),
(2023046687, 'Forin', 24, 20, '', 0, , '2021-12-01 02:14:44.219626'),
(2028145465, 'Medua', 17, 12, '', 0, , '2021-12-01 02:14:44.219626'),
(2030730027, 'Piya', 27, 20, '', 0, , '2021-12-01 02:14:44.219626'),
(2031901684, 'Pneuma', 40, 70, '', 1, , '2021-12-01 02:14:44.219626'),
(2033451721, 'Nitur', 37, 38, '', 0, , '2021-12-01 02:14:44.219626'),
(2038174376, 'Rosec', 22, 18, 'Romulan', 0, , '2021-12-01 02:14:44.219626'),
(2038739638, 'Abilakk Alpha', 30, 20, '', 1, , '2021-12-01 02:14:44.219626'),
(2040695989, 'New Reykjavik', 48, 160, 'Federation', 1, , '2021-12-01 02:14:44.219626'),
(2042619047, 'Ortek', 28, 22, '', 0, , '2021-12-01 02:14:44.219626'),
(2043441660, 'Kuzukoh', 29, 24, '', 0, , '2021-12-01 02:14:44.219626'),
(2045673977, 'Framtid Alpha', 20, 20, '', 1, , '2021-12-01 02:14:44.219626'),
(2050638663, 'Ascher', 30, 26, 'Federation', 0, , '2021-12-01 02:14:44.219626'),
(2052698931, 'Eisenhorn', 19, 13, '', 0, , '2021-12-01 02:14:44.219626'),
(2053970222, 'Kolava Beta', 20, 20, '', 1, , '2021-12-01 02:14:44.219626'),
(2055574236, 'Tola Beta', 17, 20, '', 1, , '2021-12-01 02:14:44.219626'),
(2056109997, 'Magnus', 52, 230, 'Romulan', 1, , '2021-12-01 02:14:44.219626'),
(2056731809, 'Szov', 43, 75, 'Klingon', 1, , '2021-12-01 02:14:44.219626'),
(2057293135, 'Sileo', 40, 64, '', 1, , '2021-12-01 02:14:44.219626'),
(2058224054, 'Li', 17, 20, '', 0, , '2021-12-01 02:14:44.219626'),
(2059991203, 'Torana', 27, 22, '', 0, , '2021-12-01 02:14:44.219626'),
(2070233084, 'Aodaan', 8, 5, '', 0, , '2021-12-01 02:14:44.219626'),
(2073448913, 'Garyf', 57, 400, 'Federation', 1, , '2021-12-01 02:14:44.219626'),
(2075950099, 'Nurnias', 30, 26, 'Klingon', 0, , '2021-12-01 02:14:44.219626'),
(2076378378, 'Araiza', 18, 12, '', 0, , '2021-12-01 02:14:44.219626'),
(2087953937, 'Eden', 38, 53, 'Romulan', 0, , '2021-12-01 02:14:44.219626'),
(2095413858, 'Draken', 23, 17, 'Romulan', 0, , '2021-12-01 02:14:44.219626'),
(2098132897, 'Tarna', 55, 320, '', 1, , '2021-12-01 02:14:44.219626'),
(2098156897, 'Denobula Triaxa', 38, 53, 'Federation', 0, , '2021-12-01 02:14:44.219626'),
(2098471379, 'New Canberra', 44, 95, 'Federation', 1, , '2021-12-01 02:14:44.219626'),
(2102605227, 'Davidul', 20, 13, 'Romulan', 0, , '2021-12-01 02:14:44.219626'),
(2105774194, 'Vega', 39, 53, 'Federation', 0, , '2021-12-01 02:14:44.219626'),
(2107547491, 'Olassa', 33, 23, '', 0, , '2021-12-01 02:14:44.219626'),
(2110896274, 'Ilmatar', 35, 25, '', 0, , '2021-12-01 02:14:44.219626'),
(2113875578, 'Roda Beta', 28, 22, '', 0, , '2021-12-01 02:14:44.219626'),
(2116394759, 'Zameda', 53, 255, 'Klingon', 1, , '2021-12-01 02:14:44.219626'),
(2119056211, 'Belmont', 51, 205, '', 1, , '2021-12-01 02:14:44.219626'),
(2119332338, 'Kiina', 48, 160, 'Romulan', 1, , '2021-12-01 02:14:44.219626'),
(2119979509, 'Zamam', 10, 7, '', 0, , '2021-12-01 02:14:44.219626'),
(2124972704, 'Benes Delta', 27, 18, '', 0, , '2021-12-01 02:14:44.219626'),
(2125367863, 'Rowla', 40, 64, 'Romulan', 1, , '2021-12-01 02:14:44.219626'),
(2131166635, 'Horgi', 52, 230, 'Romulan', 1, , '2021-12-01 02:14:44.219626'),
(2134492348, 'Morvani', 34, 32, 'Romulan', 0, , '2021-12-01 02:14:44.219626'),
(2136091294, 'Bharani', 16, 13, '', 0, , '2021-12-01 02:14:44.219626'),
(2139423729, 'Mige', 38, 24, '', 0, , '2021-12-01 02:14:44.219626'),
(2147089484, 'Eshu', 6, 5, '', 0, , '2021-12-01 02:14:44.219626'),
(2147455332, 'Miset', 43, 90, '', 0, , '2021-12-01 02:14:44.219626');

--
-- Indexes for dumped tables
--

--
-- Indexes for table `Aliases`
--
ALTER TABLE `Aliases`
  ADD PRIMARY KEY (`CurrentName`,`CurrentAlliance`),
  ADD KEY `Alliances5` (`CurrentAlliance`);

--
-- Indexes for table `Alliances`
--
ALTER TABLE `Alliances`
  ADD PRIMARY KEY (`CurrentName`,`CurrentAdmiral`);

--
-- Indexes for table `BaseSightings`
--
ALTER TABLE `BaseSightings`
  ADD PRIMARY KEY (`Name`,`Alliance`,`LastUpdated`),
  ADD KEY `SystemID1` (`SystemID`),
  ADD KEY `Alliance1` (`Alliance`);

--
-- Indexes for table `FlagOfficers`
--
ALTER TABLE `FlagOfficers`
  ADD PRIMARY KEY (`SpotterID`,`Name`,`Alliance`);

--
-- Indexes for table `ShipSightings`
--
ALTER TABLE `ShipSightings`
  ADD PRIMARY KEY (`Name`,`Alliance`,`LastUpdated`),
  ADD KEY `SystemID3` (`SystemID`),
  ADD KEY `AllianceID3` (`Alliance`);

--
-- Indexes for table `StfcShips`
--
ALTER TABLE `StfcShips`
  ADD PRIMARY KEY (`ShipID`,`ShipName`);

--
-- Indexes for table `StfcSystems`
--
ALTER TABLE `StfcSystems`
  ADD PRIMARY KEY (`SystemID`,`SystemName`);

--
-- Constraints for dumped tables
--

--
-- Constraints for table `Aliases`
--
ALTER TABLE `Aliases`
  ADD CONSTRAINT `Alliances5` FOREIGN KEY (`CurrentAlliance`) REFERENCES `Alliances` (`CurrentName`);

--
-- Constraints for table `BaseSightings`
--
ALTER TABLE `BaseSightings`
  ADD CONSTRAINT `Alias1` FOREIGN KEY (`Name`) REFERENCES `Aliases` (`CurrentName`),
  ADD CONSTRAINT `Alliance1` FOREIGN KEY (`Alliance`) REFERENCES `Alliances` (`CurrentName`),
  ADD CONSTRAINT `SystemID1` FOREIGN KEY (`SystemID`) REFERENCES `StfcSystems` (`SystemID`);

--
-- Constraints for table `ShipSightings`
--
ALTER TABLE `ShipSightings`
  ADD CONSTRAINT `Aliases3` FOREIGN KEY (`Name`) REFERENCES `Aliases` (`CurrentName`),
  ADD CONSTRAINT `AllianceID3` FOREIGN KEY (`Alliance`) REFERENCES `Alliances` (`CurrentName`),
  ADD CONSTRAINT `SystemID3` FOREIGN KEY (`SystemID`) REFERENCES `StfcSystems` (`SystemID`);
COMMIT;

/*!40101 SET CHARACTER_SET_CLIENT=@OLD_CHARACTER_SET_CLIENT */;
/*!40101 SET CHARACTER_SET_RESULTS=@OLD_CHARACTER_SET_RESULTS */;
/*!40101 SET COLLATION_CONNECTION=@OLD_COLLATION_CONNECTION */;
